[Licensing::Module] Trying to connect to existing licensing client channel...
Built from '6000.3/staging' branch; Version is '6000.3.22f1 (1c726e1fb402) revision 1864302'; Using compiler version '194234433'; Build Type 'Release'
[Licensing::IpcConnector] Successfully connected to: "LicenseClient-hp" at "2026-09-20T15:45:35.0874669Z"
OS: 'Windows 11  (10.0.26200) CoreSingleLanguage' Language: 'en' Physical Memory: 16024 MB
BatchMode: 1, IsHumanControllingUs: 0, StartBugReporterOnCrash: 0, Is64bit: 1
System  architecture: x64
Process architecture: x64
Date: 2026-09-20T15:45:35Z
[Licensing::Client] Code 10 while verifying Licensing Client signature (process Id: 1940, path: "D:/Unity/Unity Hub/UnityLicensingClient_V1/Unity.Licensing.Client.exe")
[Licensing::Module] LicensingClient has failed validation; ignoring
[Licensing::Client] Handshaking with LicensingClient:
  Version:                 1.18.3+d7ffd15
  Session Id:              48a8b64175694a77af4cac4a0966eb2f
  Correlation Id:          6cd6443054d5de8631265b985a1d4a78
  External correlation Id: 9109289442895430287
  Machine Id:              or2h3bm0l4Gwx+byhPnK/aVbky8=
[Licensing::Module] Successfully connected to LicensingClient on channel: "LicenseClient-hp" (connect: 0.00s, validation: 0.00s, handshake: 0.04s)
[Licensing::IpcConnector] Successfully connected to: "LicenseClient-hp-notifications" at "2026-09-20T15:45:35.125354Z"
[Licensing::Module] Licensing Background thread has ended after 0.04s

COMMAND LINE ARGUMENTS:
D:\Unity\installs\6000.3.22f1\Editor\Unity.exe
-adb2
-batchMode
-noUpm
-name
AssetImportWorker4
-projectPath
D:/Github/SignLoop-RL-Framework-for-Two-Way-ISL-Communication/isl-vr-unity
-logFile
Logs/AssetImportWorker4.log
-srvPort
50005
-parentPid
1928
-analyticsCloudUserId
13469869078434
-analyticsLocalProjectId
07f32711da66f7d4286d7ce2e3d18053
-editorAnalyticsEnabled
1
-cbmEditorLicense
c7fc1f25db4fe3209fd5c0749b3e9801bc76322c
-cbmMachineId
or2h3bm0l4Gwx+byhPnK/aVbky8=
-licensingIpc
LicenseClient-hp
-job-worker-count
5
-background-job-worker-count
8
-gc-helper-count
1
-name
AssetImport
Successfully changed project path to: D:/Github/SignLoop-RL-Framework-for-Two-Way-ISL-Communication/isl-vr-unity
D:/Github/SignLoop-RL-Framework-for-Two-Way-ISL-Communication/isl-vr-unity
[UnityMemory] Configuration Parameters - Can be set up in boot.config
    "memorysetup-temp-allocator-size-nav-mesh-worker=65536"
    "memorysetup-temp-allocator-size-audio-worker=65536"
    "memorysetup-temp-allocator-size-gfx=262144"
    "memorysetup-allocator-temp-initial-block-size-main=262144"
    "memorysetup-allocator-temp-initial-block-size-worker=262144"
    "memorysetup-temp-allocator-size-background-worker=32768"
    "memorysetup-temp-allocator-size-job-worker=262144"
    "memorysetup-temp-allocator-size-preload-manager=33554432"
    "memorysetup-temp-allocator-size-gi-baking-worker=262144"
    "memorysetup-temp-allocator-size-gi-baking-worker=262144"
    "memorysetup-temp-allocator-size-gi-baking-worker=262144"
    "memorysetup-temp-allocator-size-gi-baking-worker=262144"
    "memorysetup-temp-allocator-size-gi-baking-worker=262144"
    "memorysetup-bucket-allocator-granularity=16"
    "memorysetup-bucket-allocator-bucket-count=8"
    "memorysetup-bucket-allocator-block-size=33554432"
    "memorysetup-bucket-allocator-block-count=8"
    "memorysetup-main-allocator-block-size=16777216"
    "memorysetup-thread-allocator-block-size=16777216"
    "memorysetup-gfx-main-allocator-block-size=16777216"
    "memorysetup-gfx-thread-allocator-block-size=16777216"
    "memorysetup-cache-allocator-block-size=4194304"
    "memorysetup-typetree-allocator-block-size=2097152"
    "memorysetup-profiler-bucket-allocator-granularity=16"
    "memorysetup-profiler-bucket-allocator-bucket-count=8"
    "memorysetup-profiler-bucket-allocator-block-size=33554432"
    "memorysetup-profiler-bucket-allocator-block-count=8"
    "memorysetup-profiler-allocator-block-size=16777216"
    "memorysetup-profiler-editor-allocator-block-size=1048576"
    "memorysetup-temp-allocator-size-main=16777216"
    "memorysetup-job-temp-allocator-block-size=2097152"
    "memorysetup-job-temp-allocator-block-size-background=1048576"
    "memorysetup-job-temp-allocator-reduction-small-platforms=262144"
    "memorysetup-temp-allocator-size-cloud-worker=32768"
Player connection [21212]  Target information:

Player connection [21212]  * "[IP] 192.168.1.2 [Port] 0 [Flags] 2 [Guid] 3559685679 [EditorId] 3559685679 [Version] 1048832 [Id] WindowsEditor(7,HP-VICTUS) [Debug] 1 [PackageName] WindowsEditor [ProjectName] Editor" 

Player connection [21212] Host joined multi-casting on [225.0.0.222:54997]...
Player connection [21212] Host joined alternative multi-casting on [225.0.0.222:34997]...
JobSystem: Creating JobQueue using job-worker-count value 5
Input System module state changed to: Initialized.
[Physics::Module] Initialized fallback backend.
[Physics::Module] Id: 0xdecafbad
Library Redirect Path: Library/
[Physics::Module] Selected backend.
[Physics::Module] Name: PhysX
[Physics::Module] Id: 0xf2b8ea05
[Physics::Module] SDK Version: 4.1.2
[Physics::Module] Integration Version: 1.0.0
[Physics::Module] Threading Mode: Multi-Threaded
Refreshing native plugins compatible for Editor in 21.94 ms, found 6 plugins.
Preloading 0 native plugins for Editor in 0.00 ms.
Initialize engine version: 6000.3.22f1 (1c726e1fb402)
[Subsystems] Discovering subsystems at path D:/Unity/installs/6000.3.22f1/Editor/Data/Resources/UnitySubsystems
[Subsystems] Discovering subsystems at path D:/Github/SignLoop-RL-Framework-for-Two-Way-ISL-Communication/isl-vr-unity/Assets
GfxDevice: creating device client; kGfxThreadingModeNonThreaded
d3d12: failed to query info queue interface (0x80004002).
Direct3D:
    Version:         Direct3D 12 [level 12.2]
    Renderer:        NVIDIA GeForce RTX 4050 Laptop GPU (ID=0x28a1)
    Vendor:          NVIDIA
    VRAM:            5920 MB
    App VRAM Budget: 5152 MB
    Driver:          32.0.16.1656
Initialize mono
Mono path[0] = 'D:/Unity/installs/6000.3.22f1/Editor/Data/Managed'
Mono path[1] = 'D:/Unity/installs/6000.3.22f1/Editor/Data/MonoBleedingEdge/lib/mono/unityjit-win32'
Mono config path = 'D:/Unity/installs/6000.3.22f1/Editor/Data/MonoBleedingEdge/etc'
Using monoOptions --debugger-agent=transport=dt_socket,embedding=1,server=y,suspend=n,address=127.0.0.1:56580
Begin MonoManager ReloadAssembly
Registering precompiled unity dll's ...
Register platform support module: D:/Unity/installs/6000.3.22f1/Editor/Data/PlaybackEngines/WindowsStandaloneSupport/UnityEditor.WindowsStandalone.Extensions.dll
[Licensing::Client] Successfully resolved entitlement details
[Licensing::Module] License group:
  Id: 13469869078434-UnityPersXXXX
  Product: Unity Personal
  Type: Assigned
  Expiration: Unlimited
Register platform support module: D:/Unity/installs/6000.3.22f1/Editor/Data/PlaybackEngines/AndroidPlayer/UnityEditor.Android.Extensions.dll
Registered in 0.005215 seconds.
- Loaded All Assemblies, in  0.576 seconds
Native extension for Android target not found
Native extension for WindowsStandalone target not found
Package Manager log level set to [2]
[Package Manager] Failed to launch server process. Reason: Unity was launched with the -noUpm command-line argument
[Package Manager] Unable to send message (not connected to server process).
[Package Manager] Cannot connect to Unity Package Manager local server
ScheduleIndexationOnStartup MainProcess:False IndexOnStartup:True
Mono: successfully reloaded assembly
- Finished resetting the current domain, in  0.579 seconds
Domain Reload Profiling: 1155ms
	BeginReloadAssembly (197ms)
		ExecutionOrderSort (0ms)
		DisableScriptedObjects (0ms)
		BackupInstance (0ms)
		ReleaseScriptingObjects (0ms)
		CreateAndSetChildDomain (1ms)
	RebuildCommonClasses (49ms)
	RebuildNativeTypeToScriptingClass (16ms)
	initialDomainReloadingComplete (58ms)
	LoadAllAssembliesAndSetupDomain (254ms)
		LoadAssemblies (198ms)
		RebuildTransferFunctionScriptingTraits (0ms)
		AnalyzeDomain (248ms)
			TypeCache.Refresh (246ms)
				TypeCache.ScanAssembly (225ms)
			BuildScriptInfoCaches (0ms)
			ResolveRequiredComponents (0ms)
	FinalizeReload (579ms)
		ReleaseScriptCaches (0ms)
		RebuildScriptCaches (0ms)
		SetupLoadedEditorAssemblies (520ms)
			LogAssemblyErrors (0ms)
			InitializePlatformSupportModulesInManaged (82ms)
			SetLoadedEditorAssemblies (5ms)
			BeforeProcessingInitializeOnLoad (112ms)
			ProcessInitializeOnLoadAttributes (204ms)
			ProcessInitializeOnLoadMethodAttributes (116ms)
			AfterProcessingInitializeOnLoad (0ms)
			EditorAssembliesLoaded (0ms)
		ExecutionOrderSort2 (0ms)
		AwakeInstancesAfterBackupRestoration (0ms)
[Licensing::Client] Successfully resolved entitlement details
========================================================================
Worker process is ready to serve import requests
Import Worker Mode flag is 0x00
Begin MonoManager ReloadAssembly
- Loaded All Assemblies, in  0.874 seconds
'Packages/com.unity.xr.openxr/Runtime/OpenXRLoader.cs' contains partial class of Unity.Object, exactly 1 of the partial classes needs to be in a file with the same filename. This is to know the one that can be referenced from ie. GameObjects
'Packages/com.unity.xr.openxr/Runtime/OpenXRLoaderInternal.cs' contains partial class of Unity.Object, exactly 1 of the partial classes needs to be in a file with the same filename. This is to know the one that can be referenced from ie. GameObjects
Refreshing native plugins compatible for Editor in 7.56 ms, found 6 plugins.
Native extension for Android target not found
Native extension for WindowsStandalone target not found
[Package Manager] Failed to launch server process. Reason: Unity was launched with the -noUpm command-line argument
[Package Manager] Unable to send message (not connected to server process).
[Package Manager] Cannot connect to Unity Package Manager local server
[MODES] ModeService[none].Initialize
[MODES] ModeService[none].LoadModes
[MODES] Loading mode Default (0) for mode-current-id-isl-vr-unity
================ BONE ORIENTATION DIAGNOSTIC ================
UnityEngine.Debug:ExtractStackTraceNoAlloc (byte*,int,string)
UnityEngine.StackTraceUtility:ExtractStackTrace ()
UnityEngine.DebugLogHandler:Internal_Log (UnityEngine.LogType,UnityEngine.LogOption,string,UnityEngine.Object)
UnityEngine.DebugLogHandler:LogFormat (UnityEngine.LogType,UnityEngine.Object,string,object[])
UnityEngine.Logger:Log (UnityEngine.LogType,object)
UnityEngine.Debug:Log (object)
SignLoop.Editor.BoneOrientationDebugger:InspectBones () (at Assets/Scripts/Editor/BoneOrientationDebugger.cs:20)
System.Reflection.RuntimeMethodInfo:Invoke (object,System.Reflection.BindingFlags,System.Reflection.Binder,object[],System.Globalization.CultureInfo)
System.Reflection.MethodBase:Invoke (object,object[])
UnityEditor.EditorAssemblies:ProcessInitializeOnLoadMethodAttributes ()

(Filename: Assets/Scripts/Editor/BoneOrientationDebugger.cs Line: 20)

LHand: localPos=(0.00, 0.26, 0.00), localRot=(0.12, 0.09, 1.22)
UnityEngine.Debug:ExtractStackTraceNoAlloc (byte*,int,string)
UnityEngine.StackTraceUtility:ExtractStackTrace ()
UnityEngine.DebugLogHandler:Internal_Log (UnityEngine.LogType,UnityEngine.LogOption,string,UnityEngine.Object)
UnityEngine.DebugLogHandler:LogFormat (UnityEngine.LogType,UnityEngine.Object,string,object[])
UnityEngine.Logger:Log (UnityEngine.LogType,object)
UnityEngine.Debug:Log (object)
SignLoop.Editor.BoneOrientationDebugger:InspectBones () (at Assets/Scripts/Editor/BoneOrientationDebugger.cs:44)
System.Reflection.RuntimeMethodInfo:Invoke (object,System.Reflection.BindingFlags,System.Reflection.Binder,object[],System.Globalization.CultureInfo)
System.Reflection.MethodBase:Invoke (object,object[])
UnityEditor.EditorAssemblies:ProcessInitializeOnLoadMethodAttributes ()

(Filename: Assets/Scripts/Editor/BoneOrientationDebugger.cs Line: 44)

RHand: localPos=(0.00, 0.26, 0.00), localRot=(0.12, 359.91, 358.78)
UnityEngine.Debug:ExtractStackTraceNoAlloc (byte*,int,string)
UnityEngine.StackTraceUtility:ExtractStackTrace ()
UnityEngine.DebugLogHandler:Internal_Log (UnityEngine.LogType,UnityEngine.LogOption,string,UnityEngine.Object)
UnityEngine.DebugLogHandler:LogFormat (UnityEngine.LogType,UnityEngine.Object,string,object[])
UnityEngine.Logger:Log (UnityEngine.LogType,object)
UnityEngine.Debug:Log (object)
SignLoop.Editor.BoneOrientationDebugger:InspectBones () (at Assets/Scripts/Editor/BoneOrientationDebugger.cs:45)
System.Reflection.RuntimeMethodInfo:Invoke (object,System.Reflection.BindingFlags,System.Reflection.Binder,object[],System.Globalization.CultureInfo)
System.Reflection.MethodBase:Invoke (object,object[])
UnityEditor.EditorAssemblies:ProcessInitializeOnLoadMethodAttributes ()

(Filename: Assets/Scripts/Editor/BoneOrientationDebugger.cs Line: 45)

LIndex1: localEuler=(0.16, 359.26, 353.16), boneExtentDir=(0.00, 1.00, 0.00)
UnityEngine.Debug:ExtractStackTraceNoAlloc (byte*,int,string)
UnityEngine.StackTraceUtility:ExtractStackTrace ()
UnityEngine.DebugLogHandler:Internal_Log (UnityEngine.LogType,UnityEngine.LogOption,string,UnityEngine.Object)
UnityEngine.DebugLogHandler:LogFormat (UnityEngine.LogType,UnityEngine.Object,string,object[])
UnityEngine.Logger:Log (UnityEngine.LogType,object)
UnityEngine.Debug:Log (object)
SignLoop.Editor.BoneOrientationDebugger:InspectBones () (at Assets/Scripts/Editor/BoneOrientationDebugger.cs:51)
System.Reflection.RuntimeMethodInfo:Invoke (object,System.Reflection.BindingFlags,System.Reflection.Binder,object[],System.Globalization.CultureInfo)
System.Reflection.MethodBase:Invoke (object,object[])
UnityEditor.EditorAssemblies:ProcessInitializeOnLoadMethodAttributes ()

(Filename: Assets/Scripts/Editor/BoneOrientationDebugger.cs Line: 51)

RIndex1: localEuler=(0.16, 0.74, 6.84), boneExtentDir=(0.00, 1.00, 0.00)
UnityEngine.Debug:ExtractStackTraceNoAlloc (byte*,int,string)
UnityEngine.StackTraceUtility:ExtractStackTrace ()
UnityEngine.DebugLogHandler:Internal_Log (UnityEngine.LogType,UnityEngine.LogOption,string,UnityEngine.Object)
UnityEngine.DebugLogHandler:LogFormat (UnityEngine.LogType,UnityEngine.Object,string,object[])
UnityEngine.Logger:Log (UnityEngine.LogType,object)
UnityEngine.Debug:Log (object)
SignLoop.Editor.BoneOrientationDebugger:InspectBones () (at Assets/Scripts/Editor/BoneOrientationDebugger.cs:58)
System.Reflection.RuntimeMethodInfo:Invoke (object,System.Reflection.BindingFlags,System.Reflection.Binder,object[],System.Globalization.CultureInfo)
System.Reflection.MethodBase:Invoke (object,object[])
UnityEditor.EditorAssemblies:ProcessInitializeOnLoadMethodAttributes ()

(Filename: Assets/Scripts/Editor/BoneOrientationDebugger.cs Line: 58)

LThumb1: localEuler=(20.80, 2.95, 313.60), boneExtentDir=(0.00, 1.00, 0.00)
UnityEngine.Debug:ExtractStackTraceNoAlloc (byte*,int,string)
UnityEngine.StackTraceUtility:ExtractStackTrace ()
UnityEngine.DebugLogHandler:Internal_Log (UnityEngine.LogType,UnityEngine.LogOption,string,UnityEngine.Object)
UnityEngine.DebugLogHandler:LogFormat (UnityEngine.LogType,UnityEngine.Object,string,object[])
UnityEngine.Logger:Log (UnityEngine.LogType,object)
UnityEngine.Debug:Log (object)
SignLoop.Editor.BoneOrientationDebugger:InspectBones () (at Assets/Scripts/Editor/BoneOrientationDebugger.cs:65)
System.Reflection.RuntimeMethodInfo:Invoke (object,System.Reflection.BindingFlags,System.Reflection.Binder,object[],System.Globalization.CultureInfo)
System.Reflection.MethodBase:Invoke (object,object[])
UnityEditor.EditorAssemblies:ProcessInitializeOnLoadMethodAttributes ()

(Filename: Assets/Scripts/Editor/BoneOrientationDebugger.cs Line: 65)

RThumb1: localEuler=(20.80, 357.05, 46.40), boneExtentDir=(0.00, 1.00, 0.00)
UnityEngine.Debug:ExtractStackTraceNoAlloc (byte*,int,string)
UnityEngine.StackTraceUtility:ExtractStackTrace ()
UnityEngine.DebugLogHandler:Internal_Log (UnityEngine.LogType,UnityEngine.LogOption,string,UnityEngine.Object)
UnityEngine.DebugLogHandler:LogFormat (UnityEngine.LogType,UnityEngine.Object,string,object[])
UnityEngine.Logger:Log (UnityEngine.LogType,object)
UnityEngine.Debug:Log (object)
SignLoop.Editor.BoneOrientationDebugger:InspectBones () (at Assets/Scripts/Editor/BoneOrientationDebugger.cs:72)
System.Reflection.RuntimeMethodInfo:Invoke (object,System.Reflection.BindingFlags,System.Reflection.Binder,object[],System.Globalization.CultureInfo)
System.Reflection.MethodBase:Invoke (object,object[])
UnityEditor.EditorAssemblies:ProcessInitializeOnLoadMethodAttributes ()

(Filename: Assets/Scripts/Editor/BoneOrientationDebugger.cs Line: 72)

=============================================================
UnityEngine.Debug:ExtractStackTraceNoAlloc (byte*,int,string)
UnityEngine.StackTraceUtility:ExtractStackTrace ()
UnityEngine.DebugLogHandler:Internal_Log (UnityEngine.LogType,UnityEngine.LogOption,string,UnityEngine.Object)
UnityEngine.DebugLogHandler:LogFormat (UnityEngine.LogType,UnityEngine.Object,string,object[])
UnityEngine.Logger:Log (UnityEngine.LogType,object)
UnityEngine.Debug:Log (object)
SignLoop.Editor.BoneOrientationDebugger:InspectBones () (at Assets/Scripts/Editor/BoneOrientationDebugger.cs:75)
System.Reflection.RuntimeMethodInfo:Invoke (object,System.Reflection.BindingFlags,System.Reflection.Binder,object[],System.Globalization.CultureInfo)
System.Reflection.MethodBase:Invoke (object,object[])
UnityEditor.EditorAssemblies:ProcessInitializeOnLoadMethodAttributes ()

(Filename: Assets/Scripts/Editor/BoneOrientationDebugger.cs Line: 75)

ScheduleIndexationOnStartup MainProcess:False IndexOnStartup:True
Mono: successfully reloaded assembly
[Package Manager] Failed to launch server process. Reason: Unity was launched with the -noUpm command-line argument
[Package Manager] Unable to send message (not connected to server process).
[Package Manager] Cannot connect to Unity Package Manager local server
[Package Manager] Failed to launch server process. Reason: Unity was launched with the -noUpm command-line argument
[Package Manager] Unable to send message (not connected to server process).
[Package Manager] Cannot connect to Unity Package Manager local server
- Finished resetting the current domain, in  1.311 seconds
Domain Reload Profiling: 2185ms
	BeginReloadAssembly (269ms)
		ExecutionOrderSort (0ms)
		DisableScriptedObjects (9ms)
		BackupInstance (0ms)
		ReleaseScriptingObjects (0ms)
		CreateAndSetChildDomain (41ms)
	RebuildCommonClasses (52ms)
	RebuildNativeTypeToScriptingClass (15ms)
	initialDomainReloadingComplete (47ms)
	LoadAllAssembliesAndSetupDomain (490ms)
		LoadAssemblies (433ms)
		RebuildTransferFunctionScriptingTraits (0ms)
		AnalyzeDomain (221ms)
			TypeCache.Refresh (160ms)
				TypeCache.ScanAssembly (142ms)
			BuildScriptInfoCaches (49ms)
			ResolveRequiredComponents (6ms)
	FinalizeReload (1311ms)
		ReleaseScriptCaches (0ms)
		RebuildScriptCaches (0ms)
		SetupLoadedEditorAssemblies (1161ms)
			LogAssemblyErrors (0ms)
			InitializePlatformSupportModulesInManaged (13ms)
			SetLoadedEditorAssemblies (6ms)
			BeforeProcessingInitializeOnLoad (134ms)
			ProcessInitializeOnLoadAttributes (872ms)
			ProcessInitializeOnLoadMethodAttributes (133ms)
			AfterProcessingInitializeOnLoad (2ms)
			EditorAssembliesLoaded (0ms)
		ExecutionOrderSort2 (0ms)
		AwakeInstancesAfterBackupRestoration (8ms)
Launched and connected shader compiler UnityShaderCompiler.exe after 0.04 seconds
Refreshing native plugins compatible for Editor in 8.38 ms, found 6 plugins.
Preloading 0 native plugins for Editor in 0.00 ms.
Unloading 0 Unused Serialized files (Serialized files now loaded: 0)
Curl error 3: URL rejected: Malformed input to a URL function
Unloading 3388 unused Assets / (1.0 MB). Loaded Objects now: 3875.
Memory consumption went from 101.9 MB to 100.8 MB.
Total: 7.731300 ms (FindLiveObjects: 0.315100 ms CreateObjectMapping: 0.142900 ms MarkObjects: 5.905000 ms  DeleteObjects: 1.366800 ms)

========================================================================
Received Import Request.
  Time since last request: 42184.585215 seconds.
  path: Assets/Plugins/RootMotion/FinalIK/_DEMOS/Baker
  artifactKey: Guid(b2b46a1d4c2a3d24a867cea6a2089772) Importer(2089858483,b0f066a214c2f5e87bad3c948f4d605d)
Start importing Assets/Plugins/RootMotion/FinalIK/_DEMOS/Baker using Guid(b2b46a1d4c2a3d24a867cea6a2089772) Importer(2089858483,b0f066a214c2f5e87bad3c948f4d605d) (ScriptedImporter) -> (artifact id: 'c26d7c981056da697432d639349574e4') in 0.0782708 seconds
Number of updated asset objects reloaded before import = 0Number of asset objects unloaded after import = 1

========================================================================
Received Import Request.
  Time since last request: 0.000029 seconds.
  path: Assets/Plugins/RootMotion/FinalIK/_DEMOS/FBBIK/Recoil.unity
  artifactKey: Guid(d48f3468e9a994c9ea6cee5166cf194d) Importer(2089858483,b0f066a214c2f5e87bad3c948f4d605d)
Start importing Assets/Plugins/RootMotion/FinalIK/_DEMOS/FBBIK/Recoil.unity using Guid(d48f3468e9a994c9ea6cee5166cf194d) Importer(2089858483,b0f066a214c2f5e87bad3c948f4d605d) (ScriptedImporter) -> (artifact id: '7847dace729fba01ad720cf55239c56d') in 0.0391543 seconds
Number of updated asset objects reloaded before import = 0Number of asset objects unloaded after import = 1

========================================================================
Received Import Request.
  Time since last request: 0.000037 seconds.
  path: Assets/Plugins/RootMotion/Editor/FinalIK/ArmIKInspector.cs
  artifactKey: Guid(07bc62a41db738b488fc9430a0a20772) Importer(2089858483,b0f066a214c2f5e87bad3c948f4d605d)
Start importing Assets/Plugins/RootMotion/Editor/FinalIK/ArmIKInspector.cs using Guid(07bc62a41db738b488fc9430a0a20772) Importer(2089858483,b0f066a214c2f5e87bad3c948f4d605d) (ScriptedImporter) -> (artifact id: 'a6c6f01c0e6f8a4d90672317d6685b33') in 0.0476571 seconds
Number of updated asset objects reloaded before import = 0Number of asset objects unloaded after import = 0

========================================================================
Received Import Request.
  Time since last request: 0.000053 seconds.
  path: Assets/Plugins/RootMotion/FinalIK/IK Solvers/IKMappingLimb.cs
  artifactKey: Guid(ef3f7e989de854a09aaf17ab4f391645) Importer(2089858483,b0f066a214c2f5e87bad3c948f4d605d)
Start importing Assets/Plugins/RootMotion/FinalIK/IK Solvers/IKMappingLimb.cs using Guid(ef3f7e989de854a09aaf17ab4f391645) Importer(2089858483,b0f066a214c2f5e87bad3c948f4d605d) (ScriptedImporter) -> (artifact id: '954acbf4a5e15445b63b9fe229638fb3') in 0.0201022 seconds
Number of updated asset objects reloaded before import = 0Number of asset objects unloaded after import = 0

========================================================================
Received Import Request.
  Time since last request: 0.000060 seconds.
  path: Assets/Plugins/RootMotion/FinalIK/Constraints/Constraints.cs
  artifactKey: Guid(11679c68b0e4448338c1e21138a3596a) Importer(2089858483,b0f066a214c2f5e87bad3c948f4d605d)
Start importing Assets/Plugins/RootMotion/FinalIK/Constraints/Constraints.cs using Guid(11679c68b0e4448338c1e21138a3596a) Importer(2089858483,b0f066a214c2f5e87bad3c948f4d605d) (ScriptedImporter) -> (artifact id: '7fe1003264a50cadfa7213d2beae2c45') in 0.0188397 seconds
Number of updated asset objects reloaded before import = 0Number of asset objects unloaded after import = 0

========================================================================
Received Import Request.
  Time since last request: 0.000109 seconds.
  path: Assets/Plugins/RootMotion/FinalIK/_DEMOS/FABRIK/FABRIK.unity
  artifactKey: Guid(003e33451c0114fefa907ebb80cdd058) Importer(2089858483,b0f066a214c2f5e87bad3c948f4d605d)
Start importing Assets/Plugins/RootMotion/FinalIK/_DEMOS/FABRIK/FABRIK.unity using Guid(003e33451c0114fefa907ebb80cdd058) Importer(2089858483,b0f066a214c2f5e87bad3c948f4d605d) (ScriptedImporter) -> (artifact id: '9b7a231f14fb67f706f4cb4c30811a9e') in 0.0148262 seconds
Number of updated asset objects reloaded before import = 0Number of asset objects unloaded after import = 1

========================================================================
Received Import Request.
  Time since last request: 0.000027 seconds.
  path: Assets/Plugins/RootMotion/Shared Demo Assets/Props/MP-40/Materials/MP-40.mat
  artifactKey: Guid(eb554719301d24a27a03d90e35702330) Importer(2089858483,b0f066a214c2f5e87bad3c948f4d605d)
Start importing Assets/Plugins/RootMotion/Shared Demo Assets/Props/MP-40/Materials/MP-40.mat using Guid(eb554719301d24a27a03d90e35702330) Importer(2089858483,b0f066a214c2f5e87bad3c948f4d605d) (ScriptedImporter) -> (artifact id: '8d95dffe03acda2e232308a6d1160b38') in 0.0440866 seconds
Number of updated asset objects reloaded before import = 0Number of asset objects unloaded after import = 1

========================================================================
Received Import Request.
  Time since last request: 0.000024 seconds.
  path: Assets/Plugins/RootMotion/Editor/Baker
  artifactKey: Guid(fe88a087b0795174f9c8ec2369f4ccb2) Importer(2089858483,b0f066a214c2f5e87bad3c948f4d605d)
Start importing Assets/Plugins/RootMotion/Editor/Baker using Guid(fe88a087b0795174f9c8ec2369f4ccb2) Importer(2089858483,b0f066a214c2f5e87bad3c948f4d605d) (ScriptedImporter) -> (artifact id: '0d4d67182a3d2330a4461eabefc420f2') in 0.017527 seconds
Number of updated asset objects reloaded before import = 0Number of asset objects unloaded after import = 1

========================================================================
Received Import Request.
  Time since last request: 0.000027 seconds.
  path: Assets/Plugins/RootMotion/FinalIK/_DEMOS/Baker/Humanoid Baker (FBBIK).unity
  artifactKey: Guid(dc28baf245f02b842b80506ea0a6a92d) Importer(2089858483,b0f066a214c2f5e87bad3c948f4d605d)
Start importing Assets/Plugins/RootMotion/FinalIK/_DEMOS/Baker/Humanoid Baker (FBBIK).unity using Guid(dc28baf245f02b842b80506ea0a6a92d) Importer(2089858483,b0f066a214c2f5e87bad3c948f4d605d) (ScriptedImporter) -> (artifact id: '5fe921eb31c3e0fd5129e73bb7d5c4e5') in 0.0238985 seconds
Number of updated asset objects reloaded before import = 0Number of asset objects unloaded after import = 1

========================================================================
Received Import Request.
  Time since last request: 0.000022 seconds.
  path: Assets/Plugins/RootMotion/FinalIK/_DEMOS/VRIK/VRIK (Calibration).unity
  artifactKey: Guid(e3b3977f14c1e92489be1774a9df3113) Importer(2089858483,b0f066a214c2f5e87bad3c948f4d605d)
Start importing Assets/Plugins/RootMotion/FinalIK/_DEMOS/VRIK/VRIK (Calibration).unity using Guid(e3b3977f14c1e92489be1774a9df3113) Importer(2089858483,b0f066a214c2f5e87bad3c948f4d605d) (ScriptedImporter) -> (artifact id: '312fe934495aac44be63a5a2492dc4fd') in 0.021161 seconds
Number of updated asset objects reloaded before import = 0Number of asset objects unloaded after import = 1

========================================================================
Received Import Request.
  Time since last request: 0.000040 seconds.
  path: Assets/Plugins/RootMotion/Shared Demo Assets/Prototyping/Textures/Prototype Blue.png
  artifactKey: Guid(a728074dab499e0498b46729b7258ad9) Importer(2089858483,b0f066a214c2f5e87bad3c948f4d605d)
Start importing Assets/Plugins/RootMotion/Shared Demo Assets/Prototyping/Textures/Prototype Blue.png using Guid(a728074dab499e0498b46729b7258ad9) Importer(2089858483,b0f066a214c2f5e87bad3c948f4d605d) (ScriptedImporter) -> (artifact id: '58736c50e65500dcfa93471925518f1b') in 0.0601037 seconds
Number of updated asset objects reloaded before import = 0Number of asset objects unloaded after import = 1

========================================================================
Received Import Request.
  Time since last request: 0.000020 seconds.
  path: Assets/Plugins/RootMotion/Shared Demo Assets/Characters/Pilot/Materials/Pilot Body.mat
  artifactKey: Guid(b7aea302419e848208876c3110d87629) Importer(2089858483,b0f066a214c2f5e87bad3c948f4d605d)
Start importing Assets/Plugins/RootMotion/Shared Demo Assets/Characters/Pilot/Materials/Pilot Body.mat using Guid(b7aea302419e848208876c3110d87629) Importer(2089858483,b0f066a214c2f5e87bad3c948f4d605d) (ScriptedImporter) -> (artifact id: '9c4d89dba8a5b56fca2105abfe07f8b0') in 0.0199292 seconds
Number of updated asset objects reloaded before import = 0Number of asset objects unloaded after import = 2

========================================================================
Received Import Request.
  Time since last request: 0.000045 seconds.
  path: Assets/Plugins/RootMotion/FinalIK/_DEMOS/FBBIK/Soccer Kick.unity
  artifactKey: Guid(5dbb4eff88e3f47b38c68608647d0b25) Importer(2089858483,b0f066a214c2f5e87bad3c948f4d605d)
Start importing Assets/Plugins/RootMotion/FinalIK/_DEMOS/FBBIK/Soccer Kick.unity using Guid(5dbb4eff88e3f47b38c68608647d0b25) Importer(2089858483,b0f066a214c2f5e87bad3c948f4d605d) (ScriptedImporter) -> (artifact id: '689ef94c9c893bdded39c30950bd052e') in 0.0260525 seconds
Number of updated asset objects reloaded before import = 0Number of asset objects unloaded after import = 1

========================================================================
Received Import Request.
  Time since last request: 0.000025 seconds.
  path: Assets/Plugins/RootMotion/FinalIK/_DEMOS/Aim IK/Scripts/AimSwing.cs
  artifactKey: Guid(8ccef35d59367884b8f5847c819438b4) Importer(2089858483,b0f066a214c2f5e87bad3c948f4d605d)
Start importing Assets/Plugins/RootMotion/FinalIK/_DEMOS/Aim IK/Scripts/AimSwing.cs using Guid(8ccef35d59367884b8f5847c819438b4) Importer(2089858483,b0f066a214c2f5e87bad3c948f4d605d) (ScriptedImporter) -> (artifact id: 'b973c802c8257bba26bbe36c3bd198ac') in 0.0118339 seconds
Number of updated asset objects reloaded before import = 0Number of asset objects unloaded after import = 0

========================================================================
Received Import Request.
  Time since last request: 0.000045 seconds.
  path: Assets/Plugins/RootMotion/Shared Demo Assets/Physics Materials/Low Friction.physicMaterial
  artifactKey: Guid(64d84d3edc2acd747bbb0413825fa2ef) Importer(2089858483,b0f066a214c2f5e87bad3c948f4d605d)
Start importing Assets/Plugins/RootMotion/Shared Demo Assets/Physics Materials/Low Friction.physicMaterial using Guid(64d84d3edc2acd747bbb0413825fa2ef) Importer(2089858483,b0f066a214c2f5e87bad3c948f4d605d) (ScriptedImporter) -> (artifact id: '97044bea0985c31f4097232a9e02121a') in 0.0139898 seconds
Number of updated asset objects reloaded before import = 0Number of asset objects unloaded after import = 1

========================================================================
Received Import Request.
  Time since last request: 0.000048 seconds.
  path: Assets/Plugins/RootMotion/FinalIK/_DEMOS/Aim IK/Scripts/AimBoxing.cs
  artifactKey: Guid(66452eca044e1420e9e9bd2945a6bad7) Importer(2089858483,b0f066a214c2f5e87bad3c948f4d605d)
Start importing Assets/Plugins/RootMotion/FinalIK/_DEMOS/Aim IK/Scripts/AimBoxing.cs using Guid(66452eca044e1420e9e9bd2945a6bad7) Importer(2089858483,b0f066a214c2f5e87bad3c948f4d605d) (ScriptedImporter) -> (artifact id: '325ff0566b8ad4c9d93fd71561df105c') in 0.0138283 seconds
Number of updated asset objects reloaded before import = 0Number of asset objects unloaded after import = 0

========================================================================
Received Import Request.
  Time since last request: 0.000149 seconds.
  path: Assets/Plugins
  artifactKey: Guid(b4f7984dab994264f941a59a810282fb) Importer(2089858483,b0f066a214c2f5e87bad3c948f4d605d)
Start importing Assets/Plugins using Guid(b4f7984dab994264f941a59a810282fb) Importer(2089858483,b0f066a214c2f5e87bad3c948f4d605d) (ScriptedImporter) -> (artifact id: 'd7c05d3b1e3fb8f81dde2e8c45a74f85') in 0.0109947 seconds
Number of updated asset objects reloaded before import = 0Number of asset objects unloaded after import = 1

========================================================================
Received Import Request.
  Time since last request: 0.000055 seconds.
  path: Assets/Plugins/RootMotion/Shared Demo Assets/Scripts/Character Controllers/UserControlAI.cs
  artifactKey: Guid(c65b1ab317b6940d29112cc6fa332c1d) Importer(2089858483,b0f066a214c2f5e87bad3c948f4d605d)
Start importing Assets/Plugins/RootMotion/Shared Demo Assets/Scripts/Character Controllers/UserControlAI.cs using Guid(c65b1ab317b6940d29112cc6fa332c1d) Importer(2089858483,b0f066a214c2f5e87bad3c948f4d605d) (ScriptedImporter) -> (artifact id: '61c765e56aadbdabccd8844aa1cee5fa') in 0.0151534 seconds
Number of updated asset objects reloaded before import = 0Number of asset objects unloaded after import = 0

========================================================================
Received Import Request.
  Time since last request: 0.000076 seconds.
  path: Assets/Plugins/RootMotion/FinalIK/_DEMOS/VRIK/VRIK (Twist Relaxers).unity
  artifactKey: Guid(f667b39ffe0bdfd4b948ee5001b31562) Importer(2089858483,b0f066a214c2f5e87bad3c948f4d605d)
Start importing Assets/Plugins/RootMotion/FinalIK/_DEMOS/VRIK/VRIK (Twist Relaxers).unity using Guid(f667b39ffe0bdfd4b948ee5001b31562) Importer(2089858483,b0f066a214c2f5e87bad3c948f4d605d) (ScriptedImporter) -> (artifact id: '8501f18313ab7d6ee7edd5cb5db58196') in 0.0229339 seconds
Number of updated asset objects reloaded before import = 0Number of asset objects unloaded after import = 1

========================================================================
Received Import Request.
  Time since last request: 0.000022 seconds.
  path: Assets/Plugins/RootMotion/FinalIK/_DEMOS/Assets/Mech Spider/Textures
  artifactKey: Guid(efd42c5d8091b4857b81a038e76c494f) Importer(2089858483,b0f066a214c2f5e87bad3c948f4d605d)
Start importing Assets/Plugins/RootMotion/FinalIK/_DEMOS/Assets/Mech Spider/Textures using Guid(efd42c5d8091b4857b81a038e76c494f) Importer(2089858483,b0f066a214c2f5e87bad3c948f4d605d) (ScriptedImporter) -> (artifact id: '8e01aa917267386fb157832715dff0f6') in 0.0121395 seconds
Number of updated asset objects reloaded before import = 0Number of asset objects unloaded after import = 1

========================================================================
Received Import Request.
  Time since last request: 0.000101 seconds.
  path: Assets/Plugins/RootMotion/Shared Scripts/SolverManager.cs
  artifactKey: Guid(24f5c8273305e4aed8dd09bf3a1a379a) Importer(2089858483,b0f066a214c2f5e87bad3c948f4d605d)
Start importing Assets/Plugins/RootMotion/Shared Scripts/SolverManager.cs using Guid(24f5c8273305e4aed8dd09bf3a1a379a) Importer(2089858483,b0f066a214c2f5e87bad3c948f4d605d) (ScriptedImporter) -> (artifact id: '130636fb285aea8ede75a87c618b05ea') in 0.0139251 seconds
Number of updated asset objects reloaded before import = 0Number of asset objects unloaded after import = 0

========================================================================
Received Import Request.
  Time since last request: 0.000072 seconds.
  path: Assets/Plugins/RootMotion/FinalIK/_Integration/UMA (Unity 2017.4.28f1, UMA 2.8.1).unitypackage
  artifactKey: Guid(d00cc5f8e672c264d856aa10ed20df7e) Importer(2089858483,b0f066a214c2f5e87bad3c948f4d605d)
Start importing Assets/Plugins/RootMotion/FinalIK/_Integration/UMA (Unity 2017.4.28f1, UMA 2.8.1).unitypackage using Guid(d00cc5f8e672c264d856aa10ed20df7e) Importer(2089858483,b0f066a214c2f5e87bad3c948f4d605d) (ScriptedImporter) -> (artifact id: '2189f0001d24767d1430807e2ff714cd') in 0.014597 seconds
Number of updated asset objects reloaded before import = 0Number of asset objects unloaded after import = 1

========================================================================
Received Import Request.
  Time since last request: 0.000032 seconds.
  path: Assets/Plugins/RootMotion/FinalIK/DoxygenManualFinalIK.cs
  artifactKey: Guid(2ad7f440b73d8470b959b7c9fb12fcfb) Importer(2089858483,b0f066a214c2f5e87bad3c948f4d605d)
Start importing Assets/Plugins/RootMotion/FinalIK/DoxygenManualFinalIK.cs using Guid(2ad7f440b73d8470b959b7c9fb12fcfb) Importer(2089858483,b0f066a214c2f5e87bad3c948f4d605d) (ScriptedImporter) -> (artifact id: '8422943fb8d2db4a196b4473486d1828') in 0.0142022 seconds
Number of updated asset objects reloaded before import = 0Number of asset objects unloaded after import = 0

========================================================================
Received Import Request.
  Time since last request: 0.000121 seconds.
  path: Assets/Plugins/RootMotion/Editor/FinalIK/UniversalPoserInspector.cs
  artifactKey: Guid(4fadbe5ce83d31a498af4e227c5970b2) Importer(2089858483,b0f066a214c2f5e87bad3c948f4d605d)
Start importing Assets/Plugins/RootMotion/Editor/FinalIK/UniversalPoserInspector.cs using Guid(4fadbe5ce83d31a498af4e227c5970b2) Importer(2089858483,b0f066a214c2f5e87bad3c948f4d605d) (ScriptedImporter) -> (artifact id: '5f766d63af44e37e28c9d41970a9f3ba') in 0.0151503 seconds
Number of updated asset objects reloaded before import = 0Number of asset objects unloaded after import = 0

========================================================================
Received Import Request.
  Time since last request: 0.000045 seconds.
  path: Assets/Plugins/RootMotion/Editor/FinalIK/InteractionTriggerInspector.cs
  artifactKey: Guid(873f095e66d4c4a1cad1da5353934f00) Importer(2089858483,b0f066a214c2f5e87bad3c948f4d605d)
Start importing Assets/Plugins/RootMotion/Editor/FinalIK/InteractionTriggerInspector.cs using Guid(873f095e66d4c4a1cad1da5353934f00) Importer(2089858483,b0f066a214c2f5e87bad3c948f4d605d) (ScriptedImporter) -> (artifact id: '2aad3b46ff70591c0a4e19848833f992') in 0.0166755 seconds
Number of updated asset objects reloaded before import = 0Number of asset objects unloaded after import = 0

========================================================================
Received Import Request.
  Time since last request: 0.000028 seconds.
  path: Assets/Plugins/RootMotion/FinalIK/IK Solvers/IKConstraintBend.cs
  artifactKey: Guid(89a2409fbbfb040b8b611279d6bba392) Importer(2089858483,b0f066a214c2f5e87bad3c948f4d605d)
Start importing Assets/Plugins/RootMotion/FinalIK/IK Solvers/IKConstraintBend.cs using Guid(89a2409fbbfb040b8b611279d6bba392) Importer(2089858483,b0f066a214c2f5e87bad3c948f4d605d) (ScriptedImporter) -> (artifact id: '6bd55df4998279675657683b42775abc') in 0.014415 seconds
Number of updated asset objects reloaded before import = 0Number of asset objects unloaded after import = 0

========================================================================
Received Import Request.
  Time since last request: 0.000079 seconds.
  path: Assets/Plugins/RootMotion/Shared Demo Assets/Humanoid Animations/Soccer Kick.fbx
  artifactKey: Guid(c4ef7163310a180479fb795005b674c3) Importer(2089858483,b0f066a214c2f5e87bad3c948f4d605d)
Start importing Assets/Plugins/RootMotion/Shared Demo Assets/Humanoid Animations/Soccer Kick.fbx using Guid(c4ef7163310a180479fb795005b674c3) Importer(2089858483,b0f066a214c2f5e87bad3c948f4d605d) (ScriptedImporter) -> (artifact id: 'f0f399e8eebd87cb634538fe926f67f8') in 0.0579571 seconds
Number of updated asset objects reloaded before import = 0Number of asset objects unloaded after import = 95

========================================================================
Received Import Request.
  Time since last request: 0.000027 seconds.
  path: Assets/Plugins/RootMotion/Shared Demo Assets/Scripts/Camera Controllers
  artifactKey: Guid(e55a4dcc5bff645d09407f78fffdd2a3) Importer(2089858483,b0f066a214c2f5e87bad3c948f4d605d)
Start importing Assets/Plugins/RootMotion/Shared Demo Assets/Scripts/Camera Controllers using Guid(e55a4dcc5bff645d09407f78fffdd2a3) Importer(2089858483,b0f066a214c2f5e87bad3c948f4d605d) (ScriptedImporter) -> (artifact id: 'ed7e101085ab40ba1226a42202d253b2') in 0.0162316 seconds
Number of updated asset objects reloaded before import = 0Number of asset objects unloaded after import = 1

========================================================================
Received Import Request.
  Time since last request: 0.000044 seconds.
  path: Assets/Plugins/RootMotion/FinalIK/Constraints/ConstraintPositionOffset.cs
  artifactKey: Guid(e2d9a3e673645474bb6716a1c403e3b1) Importer(2089858483,b0f066a214c2f5e87bad3c948f4d605d)
Start importing Assets/Plugins/RootMotion/FinalIK/Constraints/ConstraintPositionOffset.cs using Guid(e2d9a3e673645474bb6716a1c403e3b1) Importer(2089858483,b0f066a214c2f5e87bad3c948f4d605d) (ScriptedImporter) -> (artifact id: '1d47313d2b48639997e4ee335fd03797') in 0.0133397 seconds
Number of updated asset objects reloaded before import = 0Number of asset objects unloaded after import = 0

========================================================================
Received Import Request.
  Time since last request: 0.000022 seconds.
  path: Assets/Plugins/RootMotion/FinalIK/IK Solvers/TwistSolver.cs
  artifactKey: Guid(2b5bf5cae9f30014f83b16a298eb5508) Importer(2089858483,b0f066a214c2f5e87bad3c948f4d605d)
Start importing Assets/Plugins/RootMotion/FinalIK/IK Solvers/TwistSolver.cs using Guid(2b5bf5cae9f30014f83b16a298eb5508) Importer(2089858483,b0f066a214c2f5e87bad3c948f4d605d) (ScriptedImporter) -> (artifact id: 'b12b38b42f802166148de60515f639ca') in 0.0188741 seconds
Number of updated asset objects reloaded before import = 0Number of asset objects unloaded after import = 0

========================================================================
Received Import Request.
  Time since last request: 0.000054 seconds.
  path: Assets/Plugins/RootMotion/FinalIK/_DEMOS/VRIK/Scripts/VRIKPlatform.cs
  artifactKey: Guid(0a74728623a249645880c78a0ec69030) Importer(2089858483,b0f066a214c2f5e87bad3c948f4d605d)
Start importing Assets/Plugins/RootMotion/FinalIK/_DEMOS/VRIK/Scripts/VRIKPlatform.cs using Guid(0a74728623a249645880c78a0ec69030) Importer(2089858483,b0f066a214c2f5e87bad3c948f4d605d) (ScriptedImporter) -> (artifact id: 'f8586128a7ce944a1f2e3309b0afef51') in 0.0150914 seconds
Number of updated asset objects reloaded before import = 0Number of asset objects unloaded after import = 0

========================================================================
Received Import Request.
  Time since last request: 0.000110 seconds.
  path: Assets/Plugins/RootMotion/Shared Demo Assets/Humanoid Animator Controllers/Humanoid Walking.controller
  artifactKey: Guid(1204362ea160d44f7937305b219e3e19) Importer(2089858483,b0f066a214c2f5e87bad3c948f4d605d)
Start importing Assets/Plugins/RootMotion/Shared Demo Assets/Humanoid Animator Controllers/Humanoid Walking.controller using Guid(1204362ea160d44f7937305b219e3e19) Importer(2089858483,b0f066a214c2f5e87bad3c948f4d605d) (ScriptedImporter) -> (artifact id: '20fd8f5f016dbdf0c2ecadf316cb9539') in 0.0145489 seconds
Number of updated asset objects reloaded before import = 0Number of asset objects unloaded after import = 4

========================================================================
Received Import Request.
  Time since last request: 0.000022 seconds.
  path: Assets/Plugins/RootMotion/FinalIK/_DEMOS/FBBIK/Scripts/MotionAbsorb.cs
  artifactKey: Guid(85872a1e4a1574355b197e878d6c3d43) Importer(2089858483,b0f066a214c2f5e87bad3c948f4d605d)
Start importing Assets/Plugins/RootMotion/FinalIK/_DEMOS/FBBIK/Scripts/MotionAbsorb.cs using Guid(85872a1e4a1574355b197e878d6c3d43) Importer(2089858483,b0f066a214c2f5e87bad3c948f4d605d) (ScriptedImporter) -> (artifact id: '9100e6baf190c7e892e2363e76237c91') in 0.0154365 seconds
Number of updated asset objects reloaded before import = 0Number of asset objects unloaded after import = 0

========================================================================
Received Import Request.
  Time since last request: 0.000062 seconds.
  path: Assets/Plugins/RootMotion/FinalIK/_DEMOS/FBBIK/Interaction.unity
  artifactKey: Guid(6aa7e7dc669224b66abda13816fd66e8) Importer(2089858483,b0f066a214c2f5e87bad3c948f4d605d)
Start importing Assets/Plugins/RootMotion/FinalIK/_DEMOS/FBBIK/Interaction.unity using Guid(6aa7e7dc669224b66abda13816fd66e8) Importer(2089858483,b0f066a214c2f5e87bad3c948f4d605d) (ScriptedImporter) -> (artifact id: '57bdbc9a368a6b2fc175ffc876252e33') in 0.0186106 seconds
Number of updated asset objects reloaded before import = 0Number of asset objects unloaded after import = 1

========================================================================
Received Import Request.
  Time since last request: 0.000038 seconds.
  path: Assets/Plugins/RootMotion/FinalIK/_DEMOS/Assets/Interaction Animations/Button/Button Push.anim
  artifactKey: Guid(ef09de3cd438f44b3bdd0d76096637d2) Importer(2089858483,b0f066a214c2f5e87bad3c948f4d605d)
Start importing Assets/Plugins/RootMotion/FinalIK/_DEMOS/Assets/Interaction Animations/Button/Button Push.anim using Guid(ef09de3cd438f44b3bdd0d76096637d2) Importer(2089858483,b0f066a214c2f5e87bad3c948f4d605d) (ScriptedImporter) -> (artifact id: '52255c7b44a21d10667bd28c5fb6b9d0') in 0.0166235 seconds
Number of updated asset objects reloaded before import = 0Number of asset objects unloaded after import = 1

========================================================================
Received Import Request.
  Time since last request: 0.000053 seconds.
  path: Assets/Plugins/RootMotion/FinalIK/Posers/UniversalPoser.cs
  artifactKey: Guid(6c38faaae4d939647ae12f04b96e8ef3) Importer(2089858483,b0f066a214c2f5e87bad3c948f4d605d)
Start importing Assets/Plugins/RootMotion/FinalIK/Posers/UniversalPoser.cs using Guid(6c38faaae4d939647ae12f04b96e8ef3) Importer(2089858483,b0f066a214c2f5e87bad3c948f4d605d) (ScriptedImporter) -> (artifact id: 'b7abe59d37aeb05b9e6df3c9e4f8b7d2') in 0.0159975 seconds
Number of updated asset objects reloaded before import = 0Number of asset objects unloaded after import = 0

========================================================================
Received Import Request.
  Time since last request: 0.000115 seconds.
  path: Assets/Plugins/RootMotion/Shared Demo Assets/Characters/Viking/Viking Idle.FBX
  artifactKey: Guid(a4b75c3f5486a447e96bbe666ed68c1f) Importer(2089858483,b0f066a214c2f5e87bad3c948f4d605d)
Start importing Assets/Plugins/RootMotion/Shared Demo Assets/Characters/Viking/Viking Idle.FBX using Guid(a4b75c3f5486a447e96bbe666ed68c1f) Importer(2089858483,b0f066a214c2f5e87bad3c948f4d605d) (ScriptedImporter) -> (artifact id: 'c91b58a90281b6ef4d4d5d820cf08570') in 0.0353488 seconds
Number of updated asset objects reloaded before import = 0Number of asset objects unloaded after import = 66

========================================================================
Received Import Request.
  Time since last request: 0.000047 seconds.
  path: Assets/Plugins/RootMotion/FinalIK/Tools/CCDBendGoal.cs
  artifactKey: Guid(285f2e66b1fe97b4797ef0cb776a5682) Importer(2089858483,b0f066a214c2f5e87bad3c948f4d605d)
Start importing Assets/Plugins/RootMotion/FinalIK/Tools/CCDBendGoal.cs using Guid(285f2e66b1fe97b4797ef0cb776a5682) Importer(2089858483,b0f066a214c2f5e87bad3c948f4d605d) (ScriptedImporter) -> (artifact id: '0bf7b1a135103434971ca67ee54cceb6') in 0.0173172 seconds
Number of updated asset objects reloaded before import = 0Number of asset objects unloaded after import = 0

========================================================================
Received Prepare
'Packages/com.unity.xr.openxr/Runtime/OpenXRLoader.cs' contains partial class of Unity.Object, exactly 1 of the partial classes needs to be in a file with the same filename. This is to know the one that can be referenced from ie. GameObjects
'Packages/com.unity.xr.openxr/Runtime/OpenXRLoaderInternal.cs' contains partial class of Unity.Object, exactly 1 of the partial classes needs to be in a file with the same filename. This is to know the one that can be referenced from ie. GameObjects
Refreshing native plugins compatible for Editor in 19.07 ms, found 6 plugins.
Preloading 0 native plugins for Editor in 0.00 ms.
Unloading 0 Unused Serialized files (Serialized files now loaded: 0)
Unloading 3224 unused Assets / (0.7 MB). Loaded Objects now: 3870.
Memory consumption went from 100.7 MB to 100.1 MB.
Total: 8.597400 ms (FindLiveObjects: 0.512300 ms CreateObjectMapping: 0.266700 ms MarkObjects: 6.566700 ms  DeleteObjects: 1.249800 ms)

Prepare: number of updated asset objects reloaded= 0
========================================================================
Received Import Request.
  Time since last request: 7.260486 seconds.
  path: Assets/Scripts/Rigging/FinalIKBridge.cs
  artifactKey: Guid(a1361e0ac64f3a24e80f5d1aa992a3b8) Importer(2089858483,b0f066a214c2f5e87bad3c948f4d605d)
Start importing Assets/Scripts/Rigging/FinalIKBridge.cs using Guid(a1361e0ac64f3a24e80f5d1aa992a3b8) Importer(2089858483,b0f066a214c2f5e87bad3c948f4d605d) (ScriptedImporter) -> (artifact id: '2676f9bf437be831951fccb4940fb41e') in 0.0168684 seconds
Number of updated asset objects reloaded before import = 0Number of asset objects unloaded after import = 0

========================================================================
Received Prepare
'Packages/com.unity.xr.openxr/Runtime/OpenXRLoader.cs' contains partial class of Unity.Object, exactly 1 of the partial classes needs to be in a file with the same filename. This is to know the one that can be referenced from ie. GameObjects
'Packages/com.unity.xr.openxr/Runtime/OpenXRLoaderInternal.cs' contains partial class of Unity.Object, exactly 1 of the partial classes needs to be in a file with the same filename. This is to know the one that can be referenced from ie. GameObjects
Refreshing native plugins compatible for Editor in 8.25 ms, found 6 plugins.
Preloading 0 native plugins for Editor in 0.00 ms.
Unloading 0 Unused Serialized files (Serialized files now loaded: 0)
Unloading 3224 unused Assets / (0.9 MB). Loaded Objects now: 3870.
Memory consumption went from 100.8 MB to 99.8 MB.
Total: 8.313700 ms (FindLiveObjects: 0.358100 ms CreateObjectMapping: 0.250400 ms MarkObjects: 6.248300 ms  DeleteObjects: 1.454500 ms)

Prepare: number of updated asset objects reloaded= 0
========================================================================
Received Import Request.
  Time since last request: 36.209552 seconds.
  path: Assets/Scripts/Rigging/DesktopGestureTester.cs
  artifactKey: Guid(9cc59a99c973467f97b555d1c8aa8b20) Importer(2089858483,b0f066a214c2f5e87bad3c948f4d605d)
Start importing Assets/Scripts/Rigging/DesktopGestureTester.cs using Guid(9cc59a99c973467f97b555d1c8aa8b20) Importer(2089858483,b0f066a214c2f5e87bad3c948f4d605d) (ScriptedImporter) -> (artifact id: 'f0637f4f3c22cb2b3d2f5375dbf1fc01') in 0.0287622 seconds
Number of updated asset objects reloaded before import = 0Number of asset objects unloaded after import = 0

========================================================================
Received Prepare
Begin MonoManager ReloadAssembly
[Licensing::Client] Successfully resolved entitlement details
- Loaded All Assemblies, in  0.545 seconds
'Packages/com.unity.xr.openxr/Runtime/OpenXRLoader.cs' contains partial class of Unity.Object, exactly 1 of the partial classes needs to be in a file with the same filename. This is to know the one that can be referenced from ie. GameObjects
'Packages/com.unity.xr.openxr/Runtime/OpenXRLoaderInternal.cs' contains partial class of Unity.Object, exactly 1 of the partial classes needs to be in a file with the same filename. This is to know the one that can be referenced from ie. GameObjects
Refreshing native plugins compatible for Editor in 8.93 ms, found 6 plugins.
Native extension for Android target not found
Native extension for WindowsStandalone target not found
[Package Manager] Failed to launch server process. Reason: Unity was launched with the -noUpm command-line argument
[Package Manager] Unable to send message (not connected to server process).
[Package Manager] Cannot connect to Unity Package Manager local server
[MODES] ModeService[none].Initialize
[MODES] ModeService[none].LoadModes
================ BONE ORIENTATION DIAGNOSTIC ================
UnityEngine.Debug:ExtractStackTraceNoAlloc (byte*,int,string)
UnityEngine.StackTraceUtility:ExtractStackTrace ()
UnityEngine.DebugLogHandler:Internal_Log (UnityEngine.LogType,UnityEngine.LogOption,string,UnityEngine.Object)
UnityEngine.DebugLogHandler:LogFormat (UnityEngine.LogType,UnityEngine.Object,string,object[])
UnityEngine.Logger:Log (UnityEngine.LogType,object)
UnityEngine.Debug:Log (object)
SignLoop.Editor.BoneOrientationDebugger:InspectBones () (at Assets/Scripts/Editor/BoneOrientationDebugger.cs:20)
System.Reflection.RuntimeMethodInfo:Invoke (object,System.Reflection.BindingFlags,System.Reflection.Binder,object[],System.Globalization.CultureInfo)
System.Reflection.MethodBase:Invoke (object,object[])
UnityEditor.EditorAssemblies:ProcessInitializeOnLoadMethodAttributes ()

(Filename: Assets/Scripts/Editor/BoneOrientationDebugger.cs Line: 20)

LHand: localPos=(0.00, 0.26, 0.00), localRot=(0.12, 0.09, 1.22)
UnityEngine.Debug:ExtractStackTraceNoAlloc (byte*,int,string)
UnityEngine.StackTraceUtility:ExtractStackTrace ()
UnityEngine.DebugLogHandler:Internal_Log (UnityEngine.LogType,UnityEngine.LogOption,string,UnityEngine.Object)
UnityEngine.DebugLogHandler:LogFormat (UnityEngine.LogType,UnityEngine.Object,string,object[])
UnityEngine.Logger:Log (UnityEngine.LogType,object)
UnityEngine.Debug:Log (object)
SignLoop.Editor.BoneOrientationDebugger:InspectBones () (at Assets/Scripts/Editor/BoneOrientationDebugger.cs:44)
System.Reflection.RuntimeMethodInfo:Invoke (object,System.Reflection.BindingFlags,System.Reflection.Binder,object[],System.Globalization.CultureInfo)
System.Reflection.MethodBase:Invoke (object,object[])
UnityEditor.EditorAssemblies:ProcessInitializeOnLoadMethodAttributes ()

(Filename: Assets/Scripts/Editor/BoneOrientationDebugger.cs Line: 44)

RHand: localPos=(0.00, 0.26, 0.00), localRot=(0.12, 359.91, 358.78)
UnityEngine.Debug:ExtractStackTraceNoAlloc (byte*,int,string)
UnityEngine.StackTraceUtility:ExtractStackTrace ()
UnityEngine.DebugLogHandler:Internal_Log (UnityEngine.LogType,UnityEngine.LogOption,string,UnityEngine.Object)
UnityEngine.DebugLogHandler:LogFormat (UnityEngine.LogType,UnityEngine.Object,string,object[])
UnityEngine.Logger:Log (UnityEngine.LogType,object)
UnityEngine.Debug:Log (object)
SignLoop.Editor.BoneOrientationDebugger:InspectBones () (at Assets/Scripts/Editor/BoneOrientationDebugger.cs:45)
System.Reflection.RuntimeMethodInfo:Invoke (object,System.Reflection.BindingFlags,System.Reflection.Binder,object[],System.Globalization.CultureInfo)
System.Reflection.MethodBase:Invoke (object,object[])
UnityEditor.EditorAssemblies:ProcessInitializeOnLoadMethodAttributes ()

(Filename: Assets/Scripts/Editor/BoneOrientationDebugger.cs Line: 45)

LIndex1: localEuler=(0.16, 359.26, 353.16), boneExtentDir=(0.00, 1.00, 0.00)
UnityEngine.Debug:ExtractStackTraceNoAlloc (byte*,int,string)
UnityEngine.StackTraceUtility:ExtractStackTrace ()
UnityEngine.DebugLogHandler:Internal_Log (UnityEngine.LogType,UnityEngine.LogOption,string,UnityEngine.Object)
UnityEngine.DebugLogHandler:LogFormat (UnityEngine.LogType,UnityEngine.Object,string,object[])
UnityEngine.Logger:Log (UnityEngine.LogType,object)
UnityEngine.Debug:Log (object)
SignLoop.Editor.BoneOrientationDebugger:InspectBones () (at Assets/Scripts/Editor/BoneOrientationDebugger.cs:51)
System.Reflection.RuntimeMethodInfo:Invoke (object,System.Reflection.BindingFlags,System.Reflection.Binder,object[],System.Globalization.CultureInfo)
System.Reflection.MethodBase:Invoke (object,object[])
UnityEditor.EditorAssemblies:ProcessInitializeOnLoadMethodAttributes ()

(Filename: Assets/Scripts/Editor/BoneOrientationDebugger.cs Line: 51)

RIndex1: localEuler=(0.16, 0.74, 6.84), boneExtentDir=(0.00, 1.00, 0.00)
UnityEngine.Debug:ExtractStackTraceNoAlloc (byte*,int,string)
UnityEngine.StackTraceUtility:ExtractStackTrace ()
UnityEngine.DebugLogHandler:Internal_Log (UnityEngine.LogType,UnityEngine.LogOption,string,UnityEngine.Object)
UnityEngine.DebugLogHandler:LogFormat (UnityEngine.LogType,UnityEngine.Object,string,object[])
UnityEngine.Logger:Log (UnityEngine.LogType,object)
UnityEngine.Debug:Log (object)
SignLoop.Editor.BoneOrientationDebugger:InspectBones () (at Assets/Scripts/Editor/BoneOrientationDebugger.cs:58)
System.Reflection.RuntimeMethodInfo:Invoke (object,System.Reflection.BindingFlags,System.Reflection.Binder,object[],System.Globalization.CultureInfo)
System.Reflection.MethodBase:Invoke (object,object[])
UnityEditor.EditorAssemblies:ProcessInitializeOnLoadMethodAttributes ()

(Filename: Assets/Scripts/Editor/BoneOrientationDebugger.cs Line: 58)

LThumb1: localEuler=(20.80, 2.95, 313.60), boneExtentDir=(0.00, 1.00, 0.00)
UnityEngine.Debug:ExtractStackTraceNoAlloc (byte*,int,string)
UnityEngine.StackTraceUtility:ExtractStackTrace ()
UnityEngine.DebugLogHandler:Internal_Log (UnityEngine.LogType,UnityEngine.LogOption,string,UnityEngine.Object)
UnityEngine.DebugLogHandler:LogFormat (UnityEngine.LogType,UnityEngine.Object,string,object[])
UnityEngine.Logger:Log (UnityEngine.LogType,object)
UnityEngine.Debug:Log (object)
SignLoop.Editor.BoneOrientationDebugger:InspectBones () (at Assets/Scripts/Editor/BoneOrientationDebugger.cs:65)
System.Reflection.RuntimeMethodInfo:Invoke (object,System.Reflection.BindingFlags,System.Reflection.Binder,object[],System.Globalization.CultureInfo)
System.Reflection.MethodBase:Invoke (object,object[])
UnityEditor.EditorAssemblies:ProcessInitializeOnLoadMethodAttributes ()

(Filename: Assets/Scripts/Editor/BoneOrientationDebugger.cs Line: 65)

RThumb1: localEuler=(20.80, 357.05, 46.40), boneExtentDir=(0.00, 1.00, 0.00)
UnityEngine.Debug:ExtractStackTraceNoAlloc (byte*,int,string)
UnityEngine.StackTraceUtility:ExtractStackTrace ()
UnityEngine.DebugLogHandler:Internal_Log (UnityEngine.LogType,UnityEngine.LogOption,string,UnityEngine.Object)
UnityEngine.DebugLogHandler:LogFormat (UnityEngine.LogType,UnityEngine.Object,string,object[])
UnityEngine.Logger:Log (UnityEngine.LogType,object)
UnityEngine.Debug:Log (object)
SignLoop.Editor.BoneOrientationDebugger:InspectBones () (at Assets/Scripts/Editor/BoneOrientationDebugger.cs:72)
System.Reflection.RuntimeMethodInfo:Invoke (object,System.Reflection.BindingFlags,System.Reflection.Binder,object[],System.Globalization.CultureInfo)
System.Reflection.MethodBase:Invoke (object,object[])
UnityEditor.EditorAssemblies:ProcessInitializeOnLoadMethodAttributes ()

(Filename: Assets/Scripts/Editor/BoneOrientationDebugger.cs Line: 72)

=============================================================
UnityEngine.Debug:ExtractStackTraceNoAlloc (byte*,int,string)
UnityEngine.StackTraceUtility:ExtractStackTrace ()
UnityEngine.DebugLogHandler:Internal_Log (UnityEngine.LogType,UnityEngine.LogOption,string,UnityEngine.Object)
UnityEngine.DebugLogHandler:LogFormat (UnityEngine.LogType,UnityEngine.Object,string,object[])
UnityEngine.Logger:Log (UnityEngine.LogType,object)
UnityEngine.Debug:Log (object)
SignLoop.Editor.BoneOrientationDebugger:InspectBones () (at Assets/Scripts/Editor/BoneOrientationDebugger.cs:75)
System.Reflection.RuntimeMethodInfo:Invoke (object,System.Reflection.BindingFlags,System.Reflection.Binder,object[],System.Globalization.CultureInfo)
System.Reflection.MethodBase:Invoke (object,object[])
UnityEditor.EditorAssemblies:ProcessInitializeOnLoadMethodAttributes ()

(Filename: Assets/Scripts/Editor/BoneOrientationDebugger.cs Line: 75)

ScheduleIndexationOnStartup MainProcess:False IndexOnStartup:True
Mono: successfully reloaded assembly
[Package Manager] Failed to launch server process. Reason: Unity was launched with the -noUpm command-line argument
[Package Manager] Unable to send message (not connected to server process).
[Package Manager] Cannot connect to Unity Package Manager local server
- Finished resetting the current domain, in  0.535 seconds
Domain Reload Profiling: 1081ms
	BeginReloadAssembly (222ms)
		ExecutionOrderSort (0ms)
		DisableScriptedObjects (12ms)
		BackupInstance (0ms)
		ReleaseScriptingObjects (0ms)
		CreateAndSetChildDomain (43ms)
	RebuildCommonClasses (32ms)
	RebuildNativeTypeToScriptingClass (10ms)
	initialDomainReloadingComplete (19ms)
	LoadAllAssembliesAndSetupDomain (263ms)
		LoadAssemblies (253ms)
		RebuildTransferFunctionScriptingTraits (0ms)
		AnalyzeDomain (121ms)
			TypeCache.Refresh (8ms)
				TypeCache.ScanAssembly (0ms)
			BuildScriptInfoCaches (105ms)
			ResolveRequiredComponents (5ms)
	FinalizeReload (535ms)
		ReleaseScriptCaches (0ms)
		RebuildScriptCaches (0ms)
		SetupLoadedEditorAssemblies (397ms)
			LogAssemblyErrors (0ms)
			InitializePlatformSupportModulesInManaged (8ms)
			SetLoadedEditorAssemblies (4ms)
			BeforeProcessingInitializeOnLoad (98ms)
			ProcessInitializeOnLoadAttributes (206ms)
			ProcessInitializeOnLoadMethodAttributes (80ms)
			AfterProcessingInitializeOnLoad (1ms)
			EditorAssembliesLoaded (1ms)
		ExecutionOrderSort2 (0ms)
		AwakeInstancesAfterBackupRestoration (12ms)
Refreshing native plugins compatible for Editor in 5.01 ms, found 6 plugins.
Preloading 0 native plugins for Editor in 0.00 ms.
Unloading 0 Unused Serialized files (Serialized files now loaded: 0)
Unloading 3386 unused Assets / (0.8 MB). Loaded Objects now: 3878.
Memory consumption went from 102.9 MB to 102.1 MB.
Total: 4.630500 ms (FindLiveObjects: 0.237000 ms CreateObjectMapping: 0.136300 ms MarkObjects: 3.691400 ms  DeleteObjects: 0.562900 ms)

Prepare: number of updated asset objects reloaded= 0
========================================================================
Received Prepare
Begin MonoManager ReloadAssembly
[Licensing::Client] Successfully resolved entitlement details
- Loaded All Assemblies, in  0.529 seconds
'Packages/com.unity.xr.openxr/Runtime/OpenXRLoader.cs' contains partial class of Unity.Object, exactly 1 of the partial classes needs to be in a file with the same filename. This is to know the one that can be referenced from ie. GameObjects
'Packages/com.unity.xr.openxr/Runtime/OpenXRLoaderInternal.cs' contains partial class of Unity.Object, exactly 1 of the partial classes needs to be in a file with the same filename. This is to know the one that can be referenced from ie. GameObjects
Refreshing native plugins compatible for Editor in 4.94 ms, found 6 plugins.
Native extension for Android target not found
Native extension for WindowsStandalone target not found
[Package Manager] Failed to launch server process. Reason: Unity was launched with the -noUpm command-line argument
[Package Manager] Unable to send message (not connected to server process).
[Package Manager] Cannot connect to Unity Package Manager local server
Error loading file Library/StateCache/LayerSettings/9e/9ecc5c3c162a7aba29bafa64c8b94b7c.json. Error: System.IO.IOException: Sharing violation on path D:\Github\SignLoop-RL-Framework-for-Two-Way-ISL-Communication\isl-vr-unity\Library\StateCache\LayerSettings\9e\9ecc5c3c162a7aba29bafa64c8b94b7c.json
  at System.IO.FileStream..ctor (System.String path, System.IO.FileMode mode, System.IO.FileAccess access, System.IO.FileShare share, System.Int32 bufferSize, System.Boolean anonymous, System.IO.FileOptions options) [0x0019e] in <41d29b352f6a475ab1bf7c6628b82790>:0 
  at System.IO.FileStream..ctor (System.String path, System.IO.FileMode mode, System.IO.FileAccess access, System.IO.FileShare share, System.Int32 bufferSize, System.IO.FileOptions options) [0x00000] in <41d29b352f6a475ab1bf7c6628b82790>:0 
  at (wrapper remoting-invoke-with-check) System.IO.FileStream..ctor(string,System.IO.FileMode,System.IO.FileAccess,System.IO.FileShare,int,System.IO.FileOptions)
  at System.IO.StreamReader..ctor (System.String path, System.Text.Encoding encoding, System.Boolean detectEncodingFromByteOrderMarks, System.Int32 bufferSize) [0x00055] in <41d29b352f6a475ab1bf7c6628b82790>:0 
  at System.IO.StreamReader..ctor (System.String path, System.Text.Encoding encoding, System.Boolean detectEncodingFromByteOrderMarks) [0x00000] in <41d29b352f6a475ab1bf7c6628b82790>:0 
  at (wrapper remoting-invoke-with-check) System.IO.StreamReader..ctor(string,System.Text.Encoding,bool)
  at System.IO.File.InternalReadAllText (System.String path, System.Text.Encoding encoding) [0x00000] in <41d29b352f6a475ab1bf7c6628b82790>:0 
  at System.IO.File.ReadAllText (System.String path, System.Text.Encoding encoding) [0x00034] in <41d29b352f6a475ab1bf7c6628b82790>:0 
  at UnityEditor.StateCache`1[T].LoadJsonState (UnityEngine.Hash128 key, System.String filePath, T defaultValue) [0x0000a] in <4a6210677a0042ea8ce1fd85759d4494>:0 
UnityEngine.Debug:ExtractStackTraceNoAlloc (byte*,int,string)
UnityEngine.StackTraceUtility:ExtractStackTrace ()
UnityEngine.DebugLogHandler:Internal_Log (UnityEngine.LogType,UnityEngine.LogOption,string,UnityEngine.Object)
UnityEngine.DebugLogHandler:LogFormat (UnityEngine.LogType,UnityEngine.Object,string,object[])
UnityEngine.Logger:Log (UnityEngine.LogType,object)
UnityEngine.Debug:LogError (object)
UnityEditor.StateCache`1<UnityEditor.Tools/LayerSettings>:LoadJsonState (UnityEngine.Hash128,string,UnityEditor.Tools/LayerSettings)
UnityEditor.StateCache`1<UnityEditor.Tools/LayerSettings>:GetState (UnityEngine.Hash128,UnityEditor.Tools/LayerSettings)
UnityEditor.Tools:OnEnable ()
UnityEngine.ScriptableObject:CreateScriptableObjectInstanceFromType (System.Type,bool)
UnityEngine.ScriptableObject:CreateInstance (System.Type)
UnityEngine.ScriptableObject:CreateInstance<UnityEditor.Tools> ()
UnityEditor.Tools:get_get ()
UnityEditor.Tools:get_visibleLayers ()
UnityEditor.Animations.Rigging.BoneRendererUtils:.cctor () (at ./Library/PackageCache/com.unity.animation.rigging@e106d1f78228/Editor/Utils/BoneRendererUtils.cs:121)
System.Runtime.CompilerServices.RuntimeHelpers:RunClassConstructor (System.RuntimeTypeHandle)
UnityEditor.EditorAssemblies:ProcessInitializeOnLoadAttributes (System.Type[])

(Filename: ./Library/PackageCache/com.unity.animation.rigging@e106d1f78228/Editor/Utils/BoneRendererUtils.cs Line: 121)

[MODES] ModeService[none].Initialize
[MODES] ModeService[none].LoadModes
================ BONE ORIENTATION DIAGNOSTIC ================
UnityEngine.Debug:ExtractStackTraceNoAlloc (byte*,int,string)
UnityEngine.StackTraceUtility:ExtractStackTrace ()
UnityEngine.DebugLogHandler:Internal_Log (UnityEngine.LogType,UnityEngine.LogOption,string,UnityEngine.Object)
UnityEngine.DebugLogHandler:LogFormat (UnityEngine.LogType,UnityEngine.Object,string,object[])
UnityEngine.Logger:Log (UnityEngine.LogType,object)
UnityEngine.Debug:Log (object)
SignLoop.Editor.BoneOrientationDebugger:InspectBones () (at Assets/Scripts/Editor/BoneOrientationDebugger.cs:20)
System.Reflection.RuntimeMethodInfo:Invoke (object,System.Reflection.BindingFlags,System.Reflection.Binder,object[],System.Globalization.CultureInfo)
System.Reflection.MethodBase:Invoke (object,object[])
UnityEditor.EditorAssemblies:ProcessInitializeOnLoadMethodAttributes ()

(Filename: Assets/Scripts/Editor/BoneOrientationDebugger.cs Line: 20)

LHand: localPos=(0.00, 0.26, 0.00), localRot=(0.12, 0.09, 1.22)
UnityEngine.Debug:ExtractStackTraceNoAlloc (byte*,int,string)
UnityEngine.StackTraceUtility:ExtractStackTrace ()
UnityEngine.DebugLogHandler:Internal_Log (UnityEngine.LogType,UnityEngine.LogOption,string,UnityEngine.Object)
UnityEngine.DebugLogHandler:LogFormat (UnityEngine.LogType,UnityEngine.Object,string,object[])
UnityEngine.Logger:Log (UnityEngine.LogType,object)
UnityEngine.Debug:Log (object)
SignLoop.Editor.BoneOrientationDebugger:InspectBones () (at Assets/Scripts/Editor/BoneOrientationDebugger.cs:44)
System.Reflection.RuntimeMethodInfo:Invoke (object,System.Reflection.BindingFlags,System.Reflection.Binder,object[],System.Globalization.CultureInfo)
System.Reflection.MethodBase:Invoke (object,object[])
UnityEditor.EditorAssemblies:ProcessInitializeOnLoadMethodAttributes ()

(Filename: Assets/Scripts/Editor/BoneOrientationDebugger.cs Line: 44)

RHand: localPos=(0.00, 0.26, 0.00), localRot=(0.12, 359.91, 358.78)
UnityEngine.Debug:ExtractStackTraceNoAlloc (byte*,int,string)
UnityEngine.StackTraceUtility:ExtractStackTrace ()
UnityEngine.DebugLogHandler:Internal_Log (UnityEngine.LogType,UnityEngine.LogOption,string,UnityEngine.Object)
UnityEngine.DebugLogHandler:LogFormat (UnityEngine.LogType,UnityEngine.Object,string,object[])
UnityEngine.Logger:Log (UnityEngine.LogType,object)
UnityEngine.Debug:Log (object)
SignLoop.Editor.BoneOrientationDebugger:InspectBones () (at Assets/Scripts/Editor/BoneOrientationDebugger.cs:45)
System.Reflection.RuntimeMethodInfo:Invoke (object,System.Reflection.BindingFlags,System.Reflection.Binder,object[],System.Globalization.CultureInfo)
System.Reflection.MethodBase:Invoke (object,object[])
UnityEditor.EditorAssemblies:ProcessInitializeOnLoadMethodAttributes ()

(Filename: Assets/Scripts/Editor/BoneOrientationDebugger.cs Line: 45)

LIndex1: localEuler=(0.16, 359.26, 353.16), boneExtentDir=(0.00, 1.00, 0.00)
UnityEngine.Debug:ExtractStackTraceNoAlloc (byte*,int,string)
UnityEngine.StackTraceUtility:ExtractStackTrace ()
UnityEngine.DebugLogHandler:Internal_Log (UnityEngine.LogType,UnityEngine.LogOption,string,UnityEngine.Object)
UnityEngine.DebugLogHandler:LogFormat (UnityEngine.LogType,UnityEngine.Object,string,object[])
UnityEngine.Logger:Log (UnityEngine.LogType,object)
UnityEngine.Debug:Log (object)
SignLoop.Editor.BoneOrientationDebugger:InspectBones () (at Assets/Scripts/Editor/BoneOrientationDebugger.cs:51)
System.Reflection.RuntimeMethodInfo:Invoke (object,System.Reflection.BindingFlags,System.Reflection.Binder,object[],System.Globalization.CultureInfo)
System.Reflection.MethodBase:Invoke (object,object[])
UnityEditor.EditorAssemblies:ProcessInitializeOnLoadMethodAttributes ()

(Filename: Assets/Scripts/Editor/BoneOrientationDebugger.cs Line: 51)

RIndex1: localEuler=(0.16, 0.74, 6.84), boneExtentDir=(0.00, 1.00, 0.00)
UnityEngine.Debug:ExtractStackTraceNoAlloc (byte*,int,string)
UnityEngine.StackTraceUtility:ExtractStackTrace ()
UnityEngine.DebugLogHandler:Internal_Log (UnityEngine.LogType,UnityEngine.LogOption,string,UnityEngine.Object)
UnityEngine.DebugLogHandler:LogFormat (UnityEngine.LogType,UnityEngine.Object,string,object[])
UnityEngine.Logger:Log (UnityEngine.LogType,object)
UnityEngine.Debug:Log (object)
SignLoop.Editor.BoneOrientationDebugger:InspectBones () (at Assets/Scripts/Editor/BoneOrientationDebugger.cs:58)
System.Reflection.RuntimeMethodInfo:Invoke (object,System.Reflection.BindingFlags,System.Reflection.Binder,object[],System.Globalization.CultureInfo)
System.Reflection.MethodBase:Invoke (object,object[])
UnityEditor.EditorAssemblies:ProcessInitializeOnLoadMethodAttributes ()

(Filename: Assets/Scripts/Editor/BoneOrientationDebugger.cs Line: 58)

LThumb1: localEuler=(20.80, 2.95, 313.60), boneExtentDir=(0.00, 1.00, 0.00)
UnityEngine.Debug:ExtractStackTraceNoAlloc (byte*,int,string)
UnityEngine.StackTraceUtility:ExtractStackTrace ()
UnityEngine.DebugLogHandler:Internal_Log (UnityEngine.LogType,UnityEngine.LogOption,string,UnityEngine.Object)
UnityEngine.DebugLogHandler:LogFormat (UnityEngine.LogType,UnityEngine.Object,string,object[])
UnityEngine.Logger:Log (UnityEngine.LogType,object)
UnityEngine.Debug:Log (object)
SignLoop.Editor.BoneOrientationDebugger:InspectBones () (at Assets/Scripts/Editor/BoneOrientationDebugger.cs:65)
System.Reflection.RuntimeMethodInfo:Invoke (object,System.Reflection.BindingFlags,System.Reflection.Binder,object[],System.Globalization.CultureInfo)
System.Reflection.MethodBase:Invoke (object,object[])
UnityEditor.EditorAssemblies:ProcessInitializeOnLoadMethodAttributes ()

(Filename: Assets/Scripts/Editor/BoneOrientationDebugger.cs Line: 65)

RThumb1: localEuler=(20.80, 357.05, 46.40), boneExtentDir=(0.00, 1.00, 0.00)
UnityEngine.Debug:ExtractStackTraceNoAlloc (byte*,int,string)
UnityEngine.StackTraceUtility:ExtractStackTrace ()
UnityEngine.DebugLogHandler:Internal_Log (UnityEngine.LogType,UnityEngine.LogOption,string,UnityEngine.Object)
UnityEngine.DebugLogHandler:LogFormat (UnityEngine.LogType,UnityEngine.Object,string,object[])
UnityEngine.Logger:Log (UnityEngine.LogType,object)
UnityEngine.Debug:Log (object)
SignLoop.Editor.BoneOrientationDebugger:InspectBones () (at Assets/Scripts/Editor/BoneOrientationDebugger.cs:72)
System.Reflection.RuntimeMethodInfo:Invoke (object,System.Reflection.BindingFlags,System.Reflection.Binder,object[],System.Globalization.CultureInfo)
System.Reflection.MethodBase:Invoke (object,object[])
UnityEditor.EditorAssemblies:ProcessInitializeOnLoadMethodAttributes ()

(Filename: Assets/Scripts/Editor/BoneOrientationDebugger.cs Line: 72)

=============================================================
UnityEngine.Debug:ExtractStackTraceNoAlloc (byte*,int,string)
UnityEngine.StackTraceUtility:ExtractStackTrace ()
UnityEngine.DebugLogHandler:Internal_Log (UnityEngine.LogType,UnityEngine.LogOption,string,UnityEngine.Object)
UnityEngine.DebugLogHandler:LogFormat (UnityEngine.LogType,UnityEngine.Object,string,object[])
UnityEngine.Logger:Log (UnityEngine.LogType,object)
UnityEngine.Debug:Log (object)
SignLoop.Editor.BoneOrientationDebugger:InspectBones () (at Assets/Scripts/Editor/BoneOrientationDebugger.cs:75)
System.Reflection.RuntimeMethodInfo:Invoke (object,System.Reflection.BindingFlags,System.Reflection.Binder,object[],System.Globalization.CultureInfo)
System.Reflection.MethodBase:Invoke (object,object[])
UnityEditor.EditorAssemblies:ProcessInitializeOnLoadMethodAttributes ()

(Filename: Assets/Scripts/Editor/BoneOrientationDebugger.cs Line: 75)

ScheduleIndexationOnStartup MainProcess:False IndexOnStartup:True
Mono: successfully reloaded assembly
[Package Manager] Failed to launch server process. Reason: Unity was launched with the -noUpm command-line argument
[Package Manager] Unable to send message (not connected to server process).
[Package Manager] Cannot connect to Unity Package Manager local server
- Finished resetting the current domain, in  0.490 seconds
Domain Reload Profiling: 1020ms
	BeginReloadAssembly (199ms)
		ExecutionOrderSort (0ms)
		DisableScriptedObjects (9ms)
		BackupInstance (0ms)
		ReleaseScriptingObjects (0ms)
		CreateAndSetChildDomain (35ms)
	RebuildCommonClasses (32ms)
	RebuildNativeTypeToScriptingClass (16ms)
	initialDomainReloadingComplete (22ms)
	LoadAllAssembliesAndSetupDomain (261ms)
		LoadAssemblies (267ms)
		RebuildTransferFunctionScriptingTraits (0ms)
		AnalyzeDomain (103ms)
			TypeCache.Refresh (5ms)
				TypeCache.ScanAssembly (0ms)
			BuildScriptInfoCaches (89ms)
			ResolveRequiredComponents (7ms)
	FinalizeReload (490ms)
		ReleaseScriptCaches (0ms)
		RebuildScriptCaches (0ms)
		SetupLoadedEditorAssemblies (373ms)
			LogAssemblyErrors (0ms)
			InitializePlatformSupportModulesInManaged (7ms)
			SetLoadedEditorAssemblies (6ms)
			BeforeProcessingInitializeOnLoad (93ms)
			ProcessInitializeOnLoadAttributes (206ms)
			ProcessInitializeOnLoadMethodAttributes (60ms)
			AfterProcessingInitializeOnLoad (1ms)
			EditorAssembliesLoaded (0ms)
		ExecutionOrderSort2 (0ms)
		AwakeInstancesAfterBackupRestoration (9ms)
Refreshing native plugins compatible for Editor in 4.95 ms, found 6 plugins.
Preloading 0 native plugins for Editor in 0.00 ms.
Unloading 0 Unused Serialized files (Serialized files now loaded: 0)
Unloading 3386 unused Assets / (0.9 MB). Loaded Objects now: 3879.
Memory consumption went from 103.1 MB to 102.2 MB.
Total: 4.794200 ms (FindLiveObjects: 0.273700 ms CreateObjectMapping: 0.145400 ms MarkObjects: 3.711000 ms  DeleteObjects: 0.662200 ms)

Prepare: number of updated asset objects reloaded= 0
========================================================================
Received Prepare
Begin MonoManager ReloadAssembly
[Licensing::Client] Successfully resolved entitlement details
- Loaded All Assemblies, in  0.552 seconds
'Packages/com.unity.xr.openxr/Runtime/OpenXRLoader.cs' contains partial class of Unity.Object, exactly 1 of the partial classes needs to be in a file with the same filename. This is to know the one that can be referenced from ie. GameObjects
'Packages/com.unity.xr.openxr/Runtime/OpenXRLoaderInternal.cs' contains partial class of Unity.Object, exactly 1 of the partial classes needs to be in a file with the same filename. This is to know the one that can be referenced from ie. GameObjects
Refreshing native plugins compatible for Editor in 10.66 ms, found 6 plugins.
Native extension for Android target not found
Native extension for WindowsStandalone target not found
[Package Manager] Failed to launch server process. Reason: Unity was launched with the -noUpm command-line argument
[Package Manager] Unable to send message (not connected to server process).
[Package Manager] Cannot connect to Unity Package Manager local server
[MODES] ModeService[none].Initialize
[MODES] ModeService[none].LoadModes
================ BONE ORIENTATION DIAGNOSTIC ================
UnityEngine.Debug:ExtractStackTraceNoAlloc (byte*,int,string)
UnityEngine.StackTraceUtility:ExtractStackTrace ()
UnityEngine.DebugLogHandler:Internal_Log (UnityEngine.LogType,UnityEngine.LogOption,string,UnityEngine.Object)
UnityEngine.DebugLogHandler:LogFormat (UnityEngine.LogType,UnityEngine.Object,string,object[])
UnityEngine.Logger:Log (UnityEngine.LogType,object)
UnityEngine.Debug:Log (object)
SignLoop.Editor.BoneOrientationDebugger:InspectBones () (at Assets/Scripts/Editor/BoneOrientationDebugger.cs:20)
System.Reflection.RuntimeMethodInfo:Invoke (object,System.Reflection.BindingFlags,System.Reflection.Binder,object[],System.Globalization.CultureInfo)
System.Reflection.MethodBase:Invoke (object,object[])
UnityEditor.EditorAssemblies:ProcessInitializeOnLoadMethodAttributes ()

(Filename: Assets/Scripts/Editor/BoneOrientationDebugger.cs Line: 20)

LHand: localPos=(0.00, 0.26, 0.00), localRot=(0.12, 0.09, 1.22)
UnityEngine.Debug:ExtractStackTraceNoAlloc (byte*,int,string)
UnityEngine.StackTraceUtility:ExtractStackTrace ()
UnityEngine.DebugLogHandler:Internal_Log (UnityEngine.LogType,UnityEngine.LogOption,string,UnityEngine.Object)
UnityEngine.DebugLogHandler:LogFormat (UnityEngine.LogType,UnityEngine.Object,string,object[])
UnityEngine.Logger:Log (UnityEngine.LogType,object)
UnityEngine.Debug:Log (object)
SignLoop.Editor.BoneOrientationDebugger:InspectBones () (at Assets/Scripts/Editor/BoneOrientationDebugger.cs:44)
System.Reflection.RuntimeMethodInfo:Invoke (object,System.Reflection.BindingFlags,System.Reflection.Binder,object[],System.Globalization.CultureInfo)
System.Reflection.MethodBase:Invoke (object,object[])
UnityEditor.EditorAssemblies:ProcessInitializeOnLoadMethodAttributes ()

(Filename: Assets/Scripts/Editor/BoneOrientationDebugger.cs Line: 44)

RHand: localPos=(0.00, 0.26, 0.00), localRot=(0.12, 359.91, 358.78)
UnityEngine.Debug:ExtractStackTraceNoAlloc (byte*,int,string)
UnityEngine.StackTraceUtility:ExtractStackTrace ()
UnityEngine.DebugLogHandler:Internal_Log (UnityEngine.LogType,UnityEngine.LogOption,string,UnityEngine.Object)
UnityEngine.DebugLogHandler:LogFormat (UnityEngine.LogType,UnityEngine.Object,string,object[])
UnityEngine.Logger:Log (UnityEngine.LogType,object)
UnityEngine.Debug:Log (object)
SignLoop.Editor.BoneOrientationDebugger:InspectBones () (at Assets/Scripts/Editor/BoneOrientationDebugger.cs:45)
System.Reflection.RuntimeMethodInfo:Invoke (object,System.Reflection.BindingFlags,System.Reflection.Binder,object[],System.Globalization.CultureInfo)
System.Reflection.MethodBase:Invoke (object,object[])
UnityEditor.EditorAssemblies:ProcessInitializeOnLoadMethodAttributes ()

(Filename: Assets/Scripts/Editor/BoneOrientationDebugger.cs Line: 45)

LIndex1: localEuler=(0.16, 359.26, 353.16), boneExtentDir=(0.00, 1.00, 0.00)
UnityEngine.Debug:ExtractStackTraceNoAlloc (byte*,int,string)
UnityEngine.StackTraceUtility:ExtractStackTrace ()
UnityEngine.DebugLogHandler:Internal_Log (UnityEngine.LogType,UnityEngine.LogOption,string,UnityEngine.Object)
UnityEngine.DebugLogHandler:LogFormat (UnityEngine.LogType,UnityEngine.Object,string,object[])
UnityEngine.Logger:Log (UnityEngine.LogType,object)
UnityEngine.Debug:Log (object)
SignLoop.Editor.BoneOrientationDebugger:InspectBones () (at Assets/Scripts/Editor/BoneOrientationDebugger.cs:51)
System.Reflection.RuntimeMethodInfo:Invoke (object,System.Reflection.BindingFlags,System.Reflection.Binder,object[],System.Globalization.CultureInfo)
System.Reflection.MethodBase:Invoke (object,object[])
UnityEditor.EditorAssemblies:ProcessInitializeOnLoadMethodAttributes ()

(Filename: Assets/Scripts/Editor/BoneOrientationDebugger.cs Line: 51)

RIndex1: localEuler=(0.16, 0.74, 6.84), boneExtentDir=(0.00, 1.00, 0.00)
UnityEngine.Debug:ExtractStackTraceNoAlloc (byte*,int,string)
UnityEngine.StackTraceUtility:ExtractStackTrace ()
UnityEngine.DebugLogHandler:Internal_Log (UnityEngine.LogType,UnityEngine.LogOption,string,UnityEngine.Object)
UnityEngine.DebugLogHandler:LogFormat (UnityEngine.LogType,UnityEngine.Object,string,object[])
UnityEngine.Logger:Log (UnityEngine.LogType,object)
UnityEngine.Debug:Log (object)
SignLoop.Editor.BoneOrientationDebugger:InspectBones () (at Assets/Scripts/Editor/BoneOrientationDebugger.cs:58)
System.Reflection.RuntimeMethodInfo:Invoke (object,System.Reflection.BindingFlags,System.Reflection.Binder,object[],System.Globalization.CultureInfo)
System.Reflection.MethodBase:Invoke (object,object[])
UnityEditor.EditorAssemblies:ProcessInitializeOnLoadMethodAttributes ()

(Filename: Assets/Scripts/Editor/BoneOrientationDebugger.cs Line: 58)

LThumb1: localEuler=(20.80, 2.95, 313.60), boneExtentDir=(0.00, 1.00, 0.00)
UnityEngine.Debug:ExtractStackTraceNoAlloc (byte*,int,string)
UnityEngine.StackTraceUtility:ExtractStackTrace ()
UnityEngine.DebugLogHandler:Internal_Log (UnityEngine.LogType,UnityEngine.LogOption,string,UnityEngine.Object)
UnityEngine.DebugLogHandler:LogFormat (UnityEngine.LogType,UnityEngine.Object,string,object[])
UnityEngine.Logger:Log (UnityEngine.LogType,object)
UnityEngine.Debug:Log (object)
SignLoop.Editor.BoneOrientationDebugger:InspectBones () (at Assets/Scripts/Editor/BoneOrientationDebugger.cs:65)
System.Reflection.RuntimeMethodInfo:Invoke (object,System.Reflection.BindingFlags,System.Reflection.Binder,object[],System.Globalization.CultureInfo)
System.Reflection.MethodBase:Invoke (object,object[])
UnityEditor.EditorAssemblies:ProcessInitializeOnLoadMethodAttributes ()

(Filename: Assets/Scripts/Editor/BoneOrientationDebugger.cs Line: 65)

RThumb1: localEuler=(20.80, 357.05, 46.40), boneExtentDir=(0.00, 1.00, 0.00)
UnityEngine.Debug:ExtractStackTraceNoAlloc (byte*,int,string)
UnityEngine.StackTraceUtility:ExtractStackTrace ()
UnityEngine.DebugLogHandler:Internal_Log (UnityEngine.LogType,UnityEngine.LogOption,string,UnityEngine.Object)
UnityEngine.DebugLogHandler:LogFormat (UnityEngine.LogType,UnityEngine.Object,string,object[])
UnityEngine.Logger:Log (UnityEngine.LogType,object)
UnityEngine.Debug:Log (object)
SignLoop.Editor.BoneOrientationDebugger:InspectBones () (at Assets/Scripts/Editor/BoneOrientationDebugger.cs:72)
System.Reflection.RuntimeMethodInfo:Invoke (object,System.Reflection.BindingFlags,System.Reflection.Binder,object[],System.Globalization.CultureInfo)
System.Reflection.MethodBase:Invoke (object,object[])
UnityEditor.EditorAssemblies:ProcessInitializeOnLoadMethodAttributes ()

(Filename: Assets/Scripts/Editor/BoneOrientationDebugger.cs Line: 72)

=============================================================
UnityEngine.Debug:ExtractStackTraceNoAlloc (byte*,int,string)
UnityEngine.StackTraceUtility:ExtractStackTrace ()
UnityEngine.DebugLogHandler:Internal_Log (UnityEngine.LogType,UnityEngine.LogOption,string,UnityEngine.Object)
UnityEngine.DebugLogHandler:LogFormat (UnityEngine.LogType,UnityEngine.Object,string,object[])
UnityEngine.Logger:Log (UnityEngine.LogType,object)
UnityEngine.Debug:Log (object)
SignLoop.Editor.BoneOrientationDebugger:InspectBones () (at Assets/Scripts/Editor/BoneOrientationDebugger.cs:75)
System.Reflection.RuntimeMethodInfo:Invoke (object,System.Reflection.BindingFlags,System.Reflection.Binder,object[],System.Globalization.CultureInfo)
System.Reflection.MethodBase:Invoke (object,object[])
UnityEditor.EditorAssemblies:ProcessInitializeOnLoadMethodAttributes ()

(Filename: Assets/Scripts/Editor/BoneOrientationDebugger.cs Line: 75)

ScheduleIndexationOnStartup MainProcess:False IndexOnStartup:True
Mono: successfully reloaded assembly
[Package Manager] Failed to launch server process. Reason: Unity was launched with the -noUpm command-line argument
[Package Manager] Unable to send message (not connected to server process).
[Package Manager] Cannot connect to Unity Package Manager local server
- Finished resetting the current domain, in  0.596 seconds
Domain Reload Profiling: 1151ms
	BeginReloadAssembly (232ms)
		ExecutionOrderSort (0ms)
		DisableScriptedObjects (27ms)
		BackupInstance (0ms)
		ReleaseScriptingObjects (0ms)
		CreateAndSetChildDomain (39ms)
	RebuildCommonClasses (32ms)
	RebuildNativeTypeToScriptingClass (11ms)
	initialDomainReloadingComplete (19ms)
	LoadAllAssembliesAndSetupDomain (260ms)
		LoadAssemblies (271ms)
		RebuildTransferFunctionScriptingTraits (0ms)
		AnalyzeDomain (108ms)
			TypeCache.Refresh (8ms)
				TypeCache.ScanAssembly (1ms)
			BuildScriptInfoCaches (92ms)
			ResolveRequiredComponents (5ms)
	FinalizeReload (597ms)
		ReleaseScriptCaches (0ms)
		RebuildScriptCaches (0ms)
		SetupLoadedEditorAssemblies (443ms)
			LogAssemblyErrors (0ms)
			InitializePlatformSupportModulesInManaged (11ms)
			SetLoadedEditorAssemblies (5ms)
			BeforeProcessingInitializeOnLoad (112ms)
			ProcessInitializeOnLoadAttributes (228ms)
			ProcessInitializeOnLoadMethodAttributes (83ms)
			AfterProcessingInitializeOnLoad (3ms)
			EditorAssembliesLoaded (0ms)
		ExecutionOrderSort2 (0ms)
		AwakeInstancesAfterBackupRestoration (16ms)
Refreshing native plugins compatible for Editor in 7.33 ms, found 6 plugins.
Preloading 0 native plugins for Editor in 0.00 ms.
Unloading 0 Unused Serialized files (Serialized files now loaded: 0)
Unloading 3386 unused Assets / (0.6 MB). Loaded Objects now: 3880.
Memory consumption went from 103.3 MB to 102.7 MB.
Total: 6.619300 ms (FindLiveObjects: 0.268900 ms CreateObjectMapping: 0.150300 ms MarkObjects: 5.185500 ms  DeleteObjects: 1.012500 ms)

Prepare: number of updated asset objects reloaded= 0
========================================================================
Received Prepare
Begin MonoManager ReloadAssembly
- Loaded All Assemblies, in  0.499 seconds
'Packages/com.unity.xr.openxr/Runtime/OpenXRLoader.cs' contains partial class of Unity.Object, exactly 1 of the partial classes needs to be in a file with the same filename. This is to know the one that can be referenced from ie. GameObjects
'Packages/com.unity.xr.openxr/Runtime/OpenXRLoaderInternal.cs' contains partial class of Unity.Object, exactly 1 of the partial classes needs to be in a file with the same filename. This is to know the one that can be referenced from ie. GameObjects
Refreshing native plugins compatible for Editor in 5.01 ms, found 6 plugins.
Native extension for Android target not found
Native extension for WindowsStandalone target not found
[Package Manager] Failed to launch server process. Reason: Unity was launched with the -noUpm command-line argument
[Package Manager] Unable to send message (not connected to server process).
[Package Manager] Cannot connect to Unity Package Manager local server
[MODES] ModeService[none].Initialize
[MODES] ModeService[none].LoadModes
================ BONE ORIENTATION DIAGNOSTIC ================
UnityEngine.Debug:ExtractStackTraceNoAlloc (byte*,int,string)
UnityEngine.StackTraceUtility:ExtractStackTrace ()
UnityEngine.DebugLogHandler:Internal_Log (UnityEngine.LogType,UnityEngine.LogOption,string,UnityEngine.Object)
UnityEngine.DebugLogHandler:LogFormat (UnityEngine.LogType,UnityEngine.Object,string,object[])
UnityEngine.Logger:Log (UnityEngine.LogType,object)
UnityEngine.Debug:Log (object)
SignLoop.Editor.BoneOrientationDebugger:InspectBones () (at Assets/Scripts/Editor/BoneOrientationDebugger.cs:20)
System.Reflection.RuntimeMethodInfo:Invoke (object,System.Reflection.BindingFlags,System.Reflection.Binder,object[],System.Globalization.CultureInfo)
System.Reflection.MethodBase:Invoke (object,object[])
UnityEditor.EditorAssemblies:ProcessInitializeOnLoadMethodAttributes ()

(Filename: Assets/Scripts/Editor/BoneOrientationDebugger.cs Line: 20)

LHand: localPos=(0.00, 0.26, 0.00), localRot=(0.12, 0.09, 1.22)
UnityEngine.Debug:ExtractStackTraceNoAlloc (byte*,int,string)
UnityEngine.StackTraceUtility:ExtractStackTrace ()
UnityEngine.DebugLogHandler:Internal_Log (UnityEngine.LogType,UnityEngine.LogOption,string,UnityEngine.Object)
UnityEngine.DebugLogHandler:LogFormat (UnityEngine.LogType,UnityEngine.Object,string,object[])
UnityEngine.Logger:Log (UnityEngine.LogType,object)
UnityEngine.Debug:Log (object)
SignLoop.Editor.BoneOrientationDebugger:InspectBones () (at Assets/Scripts/Editor/BoneOrientationDebugger.cs:44)
System.Reflection.RuntimeMethodInfo:Invoke (object,System.Reflection.BindingFlags,System.Reflection.Binder,object[],System.Globalization.CultureInfo)
System.Reflection.MethodBase:Invoke (object,object[])
UnityEditor.EditorAssemblies:ProcessInitializeOnLoadMethodAttributes ()

(Filename: Assets/Scripts/Editor/BoneOrientationDebugger.cs Line: 44)

RHand: localPos=(0.00, 0.26, 0.00), localRot=(0.12, 359.91, 358.78)
UnityEngine.Debug:ExtractStackTraceNoAlloc (byte*,int,string)
UnityEngine.StackTraceUtility:ExtractStackTrace ()
UnityEngine.DebugLogHandler:Internal_Log (UnityEngine.LogType,UnityEngine.LogOption,string,UnityEngine.Object)
UnityEngine.DebugLogHandler:LogFormat (UnityEngine.LogType,UnityEngine.Object,string,object[])
UnityEngine.Logger:Log (UnityEngine.LogType,object)
UnityEngine.Debug:Log (object)
SignLoop.Editor.BoneOrientationDebugger:InspectBones () (at Assets/Scripts/Editor/BoneOrientationDebugger.cs:45)
System.Reflection.RuntimeMethodInfo:Invoke (object,System.Reflection.BindingFlags,System.Reflection.Binder,object[],System.Globalization.CultureInfo)
System.Reflection.MethodBase:Invoke (object,object[])
UnityEditor.EditorAssemblies:ProcessInitializeOnLoadMethodAttributes ()

(Filename: Assets/Scripts/Editor/BoneOrientationDebugger.cs Line: 45)

LIndex1: localEuler=(0.16, 359.26, 353.16), boneExtentDir=(0.00, 1.00, 0.00)
UnityEngine.Debug:ExtractStackTraceNoAlloc (byte*,int,string)
UnityEngine.StackTraceUtility:ExtractStackTrace ()
UnityEngine.DebugLogHandler:Internal_Log (UnityEngine.LogType,UnityEngine.LogOption,string,UnityEngine.Object)
UnityEngine.DebugLogHandler:LogFormat (UnityEngine.LogType,UnityEngine.Object,string,object[])
UnityEngine.Logger:Log (UnityEngine.LogType,object)
UnityEngine.Debug:Log (object)
SignLoop.Editor.BoneOrientationDebugger:InspectBones () (at Assets/Scripts/Editor/BoneOrientationDebugger.cs:51)
System.Reflection.RuntimeMethodInfo:Invoke (object,System.Reflection.BindingFlags,System.Reflection.Binder,object[],System.Globalization.CultureInfo)
System.Reflection.MethodBase:Invoke (object,object[])
UnityEditor.EditorAssemblies:ProcessInitializeOnLoadMethodAttributes ()

(Filename: Assets/Scripts/Editor/BoneOrientationDebugger.cs Line: 51)

RIndex1: localEuler=(0.16, 0.74, 6.84), boneExtentDir=(0.00, 1.00, 0.00)
UnityEngine.Debug:ExtractStackTraceNoAlloc (byte*,int,string)
UnityEngine.StackTraceUtility:ExtractStackTrace ()
UnityEngine.DebugLogHandler:Internal_Log (UnityEngine.LogType,UnityEngine.LogOption,string,UnityEngine.Object)
UnityEngine.DebugLogHandler:LogFormat (UnityEngine.LogType,UnityEngine.Object,string,object[])
UnityEngine.Logger:Log (UnityEngine.LogType,object)
UnityEngine.Debug:Log (object)
SignLoop.Editor.BoneOrientationDebugger:InspectBones () (at Assets/Scripts/Editor/BoneOrientationDebugger.cs:58)
System.Reflection.RuntimeMethodInfo:Invoke (object,System.Reflection.BindingFlags,System.Reflection.Binder,object[],System.Globalization.CultureInfo)
System.Reflection.MethodBase:Invoke (object,object[])
UnityEditor.EditorAssemblies:ProcessInitializeOnLoadMethodAttributes ()

(Filename: Assets/Scripts/Editor/BoneOrientationDebugger.cs Line: 58)

LThumb1: localEuler=(20.80, 2.95, 313.60), boneExtentDir=(0.00, 1.00, 0.00)
UnityEngine.Debug:ExtractStackTraceNoAlloc (byte*,int,string)
UnityEngine.StackTraceUtility:ExtractStackTrace ()
UnityEngine.DebugLogHandler:Internal_Log (UnityEngine.LogType,UnityEngine.LogOption,string,UnityEngine.Object)
UnityEngine.DebugLogHandler:LogFormat (UnityEngine.LogType,UnityEngine.Object,string,object[])
UnityEngine.Logger:Log (UnityEngine.LogType,object)
UnityEngine.Debug:Log (object)
SignLoop.Editor.BoneOrientationDebugger:InspectBones () (at Assets/Scripts/Editor/BoneOrientationDebugger.cs:65)
System.Reflection.RuntimeMethodInfo:Invoke (object,System.Reflection.BindingFlags,System.Reflection.Binder,object[],System.Globalization.CultureInfo)
System.Reflection.MethodBase:Invoke (object,object[])
UnityEditor.EditorAssemblies:ProcessInitializeOnLoadMethodAttributes ()

(Filename: Assets/Scripts/Editor/BoneOrientationDebugger.cs Line: 65)

RThumb1: localEuler=(20.80, 357.05, 46.40), boneExtentDir=(0.00, 1.00, 0.00)
UnityEngine.Debug:ExtractStackTraceNoAlloc (byte*,int,string)
UnityEngine.StackTraceUtility:ExtractStackTrace ()
UnityEngine.DebugLogHandler:Internal_Log (UnityEngine.LogType,UnityEngine.LogOption,string,UnityEngine.Object)
UnityEngine.DebugLogHandler:LogFormat (UnityEngine.LogType,UnityEngine.Object,string,object[])
UnityEngine.Logger:Log (UnityEngine.LogType,object)
UnityEngine.Debug:Log (object)
SignLoop.Editor.BoneOrientationDebugger:InspectBones () (at Assets/Scripts/Editor/BoneOrientationDebugger.cs:72)
System.Reflection.RuntimeMethodInfo:Invoke (object,System.Reflection.BindingFlags,System.Reflection.Binder,object[],System.Globalization.CultureInfo)
System.Reflection.MethodBase:Invoke (object,object[])
UnityEditor.EditorAssemblies:ProcessInitializeOnLoadMethodAttributes ()

(Filename: Assets/Scripts/Editor/BoneOrientationDebugger.cs Line: 72)

=============================================================
UnityEngine.Debug:ExtractStackTraceNoAlloc (byte*,int,string)
UnityEngine.StackTraceUtility:ExtractStackTrace ()
UnityEngine.DebugLogHandler:Internal_Log (UnityEngine.LogType,UnityEngine.LogOption,string,UnityEngine.Object)
UnityEngine.DebugLogHandler:LogFormat (UnityEngine.LogType,UnityEngine.Object,string,object[])
UnityEngine.Logger:Log (UnityEngine.LogType,object)
UnityEngine.Debug:Log (object)
SignLoop.Editor.BoneOrientationDebugger:InspectBones () (at Assets/Scripts/Editor/BoneOrientationDebugger.cs:75)
System.Reflection.RuntimeMethodInfo:Invoke (object,System.Reflection.BindingFlags,System.Reflection.Binder,object[],System.Globalization.CultureInfo)
System.Reflection.MethodBase:Invoke (object,object[])
UnityEditor.EditorAssemblies:ProcessInitializeOnLoadMethodAttributes ()

(Filename: Assets/Scripts/Editor/BoneOrientationDebugger.cs Line: 75)

ScheduleIndexationOnStartup MainProcess:False IndexOnStartup:True
Mono: successfully reloaded assembly
[Package Manager] Failed to launch server process. Reason: Unity was launched with the -noUpm command-line argument
[Package Manager] Unable to send message (not connected to server process).
[Package Manager] Cannot connect to Unity Package Manager local server
- Finished resetting the current domain, in  0.518 seconds
Domain Reload Profiling: 1019ms
	BeginReloadAssembly (195ms)
		ExecutionOrderSort (0ms)
		DisableScriptedObjects (8ms)
		BackupInstance (0ms)
		ReleaseScriptingObjects (0ms)
		CreateAndSetChildDomain (32ms)
	RebuildCommonClasses (30ms)
	RebuildNativeTypeToScriptingClass (11ms)
	initialDomainReloadingComplete (19ms)
	LoadAllAssembliesAndSetupDomain (246ms)
		LoadAssemblies (262ms)
		RebuildTransferFunctionScriptingTraits (0ms)
		AnalyzeDomain (96ms)
			TypeCache.Refresh (5ms)
				TypeCache.ScanAssembly (0ms)
			BuildScriptInfoCaches (82ms)
			ResolveRequiredComponents (5ms)
	FinalizeReload (518ms)
		ReleaseScriptCaches (0ms)
		RebuildScriptCaches (0ms)
		SetupLoadedEditorAssemblies (385ms)
			LogAssemblyErrors (0ms)
			InitializePlatformSupportModulesInManaged (8ms)
			SetLoadedEditorAssemblies (3ms)
			BeforeProcessingInitializeOnLoad (91ms)
			ProcessInitializeOnLoadAttributes (214ms)
			ProcessInitializeOnLoadMethodAttributes (67ms)
			AfterProcessingInitializeOnLoad (1ms)
			EditorAssembliesLoaded (0ms)
		ExecutionOrderSort2 (0ms)
		AwakeInstancesAfterBackupRestoration (11ms)
Refreshing native plugins compatible for Editor in 5.62 ms, found 6 plugins.
Preloading 0 native plugins for Editor in 0.00 ms.
Unloading 0 Unused Serialized files (Serialized files now loaded: 0)
Unloading 3386 unused Assets / (0.9 MB). Loaded Objects now: 3881.
Memory consumption went from 103.6 MB to 102.6 MB.
Total: 4.759900 ms (FindLiveObjects: 0.286600 ms CreateObjectMapping: 0.273300 ms MarkObjects: 3.507800 ms  DeleteObjects: 0.690800 ms)

Prepare: number of updated asset objects reloaded= 0
========================================================================
Received Prepare
Begin MonoManager ReloadAssembly
- Loaded All Assemblies, in  0.519 seconds
'Packages/com.unity.xr.openxr/Runtime/OpenXRLoader.cs' contains partial class of Unity.Object, exactly 1 of the partial classes needs to be in a file with the same filename. This is to know the one that can be referenced from ie. GameObjects
'Packages/com.unity.xr.openxr/Runtime/OpenXRLoaderInternal.cs' contains partial class of Unity.Object, exactly 1 of the partial classes needs to be in a file with the same filename. This is to know the one that can be referenced from ie. GameObjects
Refreshing native plugins compatible for Editor in 13.29 ms, found 6 plugins.
Native extension for Android target not found
Native extension for WindowsStandalone target not found
[Package Manager] Failed to launch server process. Reason: Unity was launched with the -noUpm command-line argument
[Package Manager] Unable to send message (not connected to server process).
[Package Manager] Cannot connect to Unity Package Manager local server
Error saving file Library/StateCache/LayerSettings/9e/9ecc5c3c162a7aba29bafa64c8b94b7c.json. Error: System.IO.IOException: Sharing violation on path D:\Github\SignLoop-RL-Framework-for-Two-Way-ISL-Communication\isl-vr-unity\Library\StateCache\LayerSettings\9e\9ecc5c3c162a7aba29bafa64c8b94b7c.json
  at System.IO.FileStream..ctor (System.String path, System.IO.FileMode mode, System.IO.FileAccess access, System.IO.FileShare share, System.Int32 bufferSize, System.Boolean anonymous, System.IO.FileOptions options) [0x0019e] in <41d29b352f6a475ab1bf7c6628b82790>:0 
  at System.IO.FileStream..ctor (System.String path, System.IO.FileMode mode, System.IO.FileAccess access, System.IO.FileShare share, System.Int32 bufferSize, System.IO.FileOptions options) [0x00000] in <41d29b352f6a475ab1bf7c6628b82790>:0 
  at (wrapper remoting-invoke-with-check) System.IO.FileStream..ctor(string,System.IO.FileMode,System.IO.FileAccess,System.IO.FileShare,int,System.IO.FileOptions)
  at System.IO.StreamWriter..ctor (System.String path, System.Boolean append, System.Text.Encoding encoding, System.Int32 bufferSize) [0x00055] in <41d29b352f6a475ab1bf7c6628b82790>:0 
  at System.IO.StreamWriter..ctor (System.String path, System.Boolean append, System.Text.Encoding encoding) [0x00000] in <41d29b352f6a475ab1bf7c6628b82790>:0 
  at (wrapper remoting-invoke-with-check) System.IO.StreamWriter..ctor(string,bool,System.Text.Encoding)
  at System.IO.File.WriteAllText (System.String path, System.String contents, System.Text.Encoding encoding) [0x00034] in <41d29b352f6a475ab1bf7c6628b82790>:0 
  at UnityEditor.StateCache`1[T].SaveJsonState (System.String filePath, T value) [0x00014] in <4a6210677a0042ea8ce1fd85759d4494>:0 
  at UnityEditor.StateCache`1[T].SetState (UnityEngine.Hash128 key, T obj) [0x00059] in <4a6210677a0042ea8ce1fd85759d4494>:0 
UnityEngine.Debug:ExtractStackTraceNoAlloc (byte*,int,string)
UnityEngine.StackTraceUtility:ExtractStackTrace ()
UnityEngine.DebugLogHandler:Internal_Log (UnityEngine.LogType,UnityEngine.LogOption,string,UnityEngine.Object)
UnityEngine.DebugLogHandler:LogFormat (UnityEngine.LogType,UnityEngine.Object,string,object[])
UnityEngine.Logger:Log (UnityEngine.LogType,object)
UnityEngine.Debug:LogError (object)
UnityEditor.StateCache`1<UnityEditor.Tools/LayerSettings>:SetState (UnityEngine.Hash128,UnityEditor.Tools/LayerSettings)
UnityEditor.Tools:set_lockedLayers (int)
UnityEditor.Tools:OnEnable ()
UnityEngine.ScriptableObject:CreateScriptableObjectInstanceFromType (System.Type,bool)
UnityEngine.ScriptableObject:CreateInstance (System.Type)
UnityEngine.ScriptableObject:CreateInstance<UnityEditor.Tools> ()
UnityEditor.Tools:get_get ()
UnityEditor.Tools:get_visibleLayers ()
UnityEditor.Animations.Rigging.BoneRendererUtils:.cctor () (at ./Library/PackageCache/com.unity.animation.rigging@e106d1f78228/Editor/Utils/BoneRendererUtils.cs:121)
System.Runtime.CompilerServices.RuntimeHelpers:RunClassConstructor (System.RuntimeTypeHandle)
UnityEditor.EditorAssemblies:ProcessInitializeOnLoadAttributes (System.Type[])

(Filename: ./Library/PackageCache/com.unity.animation.rigging@e106d1f78228/Editor/Utils/BoneRendererUtils.cs Line: 121)

[MODES] ModeService[none].Initialize
[MODES] ModeService[none].LoadModes
================ BONE ORIENTATION DIAGNOSTIC ================
UnityEngine.Debug:ExtractStackTraceNoAlloc (byte*,int,string)
UnityEngine.StackTraceUtility:ExtractStackTrace ()
UnityEngine.DebugLogHandler:Internal_Log (UnityEngine.LogType,UnityEngine.LogOption,string,UnityEngine.Object)
UnityEngine.DebugLogHandler:LogFormat (UnityEngine.LogType,UnityEngine.Object,string,object[])
UnityEngine.Logger:Log (UnityEngine.LogType,object)
UnityEngine.Debug:Log (object)
SignLoop.Editor.BoneOrientationDebugger:InspectBones () (at Assets/Scripts/Editor/BoneOrientationDebugger.cs:20)
System.Reflection.RuntimeMethodInfo:Invoke (object,System.Reflection.BindingFlags,System.Reflection.Binder,object[],System.Globalization.CultureInfo)
System.Reflection.MethodBase:Invoke (object,object[])
UnityEditor.EditorAssemblies:ProcessInitializeOnLoadMethodAttributes ()

(Filename: Assets/Scripts/Editor/BoneOrientationDebugger.cs Line: 20)

LHand: localPos=(0.00, 0.26, 0.00), localRot=(0.12, 0.09, 1.22)
UnityEngine.Debug:ExtractStackTraceNoAlloc (byte*,int,string)
UnityEngine.StackTraceUtility:ExtractStackTrace ()
UnityEngine.DebugLogHandler:Internal_Log (UnityEngine.LogType,UnityEngine.LogOption,string,UnityEngine.Object)
UnityEngine.DebugLogHandler:LogFormat (UnityEngine.LogType,UnityEngine.Object,string,object[])
UnityEngine.Logger:Log (UnityEngine.LogType,object)
UnityEngine.Debug:Log (object)
SignLoop.Editor.BoneOrientationDebugger:InspectBones () (at Assets/Scripts/Editor/BoneOrientationDebugger.cs:44)
System.Reflection.RuntimeMethodInfo:Invoke (object,System.Reflection.BindingFlags,System.Reflection.Binder,object[],System.Globalization.CultureInfo)
System.Reflection.MethodBase:Invoke (object,object[])
UnityEditor.EditorAssemblies:ProcessInitializeOnLoadMethodAttributes ()

(Filename: Assets/Scripts/Editor/BoneOrientationDebugger.cs Line: 44)

RHand: localPos=(0.00, 0.26, 0.00), localRot=(0.12, 359.91, 358.78)
UnityEngine.Debug:ExtractStackTraceNoAlloc (byte*,int,string)
UnityEngine.StackTraceUtility:ExtractStackTrace ()
UnityEngine.DebugLogHandler:Internal_Log (UnityEngine.LogType,UnityEngine.LogOption,string,UnityEngine.Object)
UnityEngine.DebugLogHandler:LogFormat (UnityEngine.LogType,UnityEngine.Object,string,object[])
UnityEngine.Logger:Log (UnityEngine.LogType,object)
UnityEngine.Debug:Log (object)
SignLoop.Editor.BoneOrientationDebugger:InspectBones () (at Assets/Scripts/Editor/BoneOrientationDebugger.cs:45)
System.Reflection.RuntimeMethodInfo:Invoke (object,System.Reflection.BindingFlags,System.Reflection.Binder,object[],System.Globalization.CultureInfo)
System.Reflection.MethodBase:Invoke (object,object[])
UnityEditor.EditorAssemblies:ProcessInitializeOnLoadMethodAttributes ()

(Filename: Assets/Scripts/Editor/BoneOrientationDebugger.cs Line: 45)

LIndex1: localEuler=(0.16, 359.26, 353.16), boneExtentDir=(0.00, 1.00, 0.00)
UnityEngine.Debug:ExtractStackTraceNoAlloc (byte*,int,string)
UnityEngine.StackTraceUtility:ExtractStackTrace ()
UnityEngine.DebugLogHandler:Internal_Log (UnityEngine.LogType,UnityEngine.LogOption,string,UnityEngine.Object)
UnityEngine.DebugLogHandler:LogFormat (UnityEngine.LogType,UnityEngine.Object,string,object[])
UnityEngine.Logger:Log (UnityEngine.LogType,object)
UnityEngine.Debug:Log (object)
SignLoop.Editor.BoneOrientationDebugger:InspectBones () (at Assets/Scripts/Editor/BoneOrientationDebugger.cs:51)
System.Reflection.RuntimeMethodInfo:Invoke (object,System.Reflection.BindingFlags,System.Reflection.Binder,object[],System.Globalization.CultureInfo)
System.Reflection.MethodBase:Invoke (object,object[])
UnityEditor.EditorAssemblies:ProcessInitializeOnLoadMethodAttributes ()

(Filename: Assets/Scripts/Editor/BoneOrientationDebugger.cs Line: 51)

RIndex1: localEuler=(0.16, 0.74, 6.84), boneExtentDir=(0.00, 1.00, 0.00)
UnityEngine.Debug:ExtractStackTraceNoAlloc (byte*,int,string)
UnityEngine.StackTraceUtility:ExtractStackTrace ()
UnityEngine.DebugLogHandler:Internal_Log (UnityEngine.LogType,UnityEngine.LogOption,string,UnityEngine.Object)
UnityEngine.DebugLogHandler:LogFormat (UnityEngine.LogType,UnityEngine.Object,string,object[])
UnityEngine.Logger:Log (UnityEngine.LogType,object)
UnityEngine.Debug:Log (object)
SignLoop.Editor.BoneOrientationDebugger:InspectBones () (at Assets/Scripts/Editor/BoneOrientationDebugger.cs:58)
System.Reflection.RuntimeMethodInfo:Invoke (object,System.Reflection.BindingFlags,System.Reflection.Binder,object[],System.Globalization.CultureInfo)
System.Reflection.MethodBase:Invoke (object,object[])
UnityEditor.EditorAssemblies:ProcessInitializeOnLoadMethodAttributes ()

(Filename: Assets/Scripts/Editor/BoneOrientationDebugger.cs Line: 58)

LThumb1: localEuler=(20.80, 2.95, 313.60), boneExtentDir=(0.00, 1.00, 0.00)
UnityEngine.Debug:ExtractStackTraceNoAlloc (byte*,int,string)
UnityEngine.StackTraceUtility:ExtractStackTrace ()
UnityEngine.DebugLogHandler:Internal_Log (UnityEngine.LogType,UnityEngine.LogOption,string,UnityEngine.Object)
UnityEngine.DebugLogHandler:LogFormat (UnityEngine.LogType,UnityEngine.Object,string,object[])
UnityEngine.Logger:Log (UnityEngine.LogType,object)
UnityEngine.Debug:Log (object)
SignLoop.Editor.BoneOrientationDebugger:InspectBones () (at Assets/Scripts/Editor/BoneOrientationDebugger.cs:65)
System.Reflection.RuntimeMethodInfo:Invoke (object,System.Reflection.BindingFlags,System.Reflection.Binder,object[],System.Globalization.CultureInfo)
System.Reflection.MethodBase:Invoke (object,object[])
UnityEditor.EditorAssemblies:ProcessInitializeOnLoadMethodAttributes ()

(Filename: Assets/Scripts/Editor/BoneOrientationDebugger.cs Line: 65)

RThumb1: localEuler=(20.80, 357.05, 46.40), boneExtentDir=(0.00, 1.00, 0.00)
UnityEngine.Debug:ExtractStackTraceNoAlloc (byte*,int,string)
UnityEngine.StackTraceUtility:ExtractStackTrace ()
UnityEngine.DebugLogHandler:Internal_Log (UnityEngine.LogType,UnityEngine.LogOption,string,UnityEngine.Object)
UnityEngine.DebugLogHandler:LogFormat (UnityEngine.LogType,UnityEngine.Object,string,object[])
UnityEngine.Logger:Log (UnityEngine.LogType,object)
UnityEngine.Debug:Log (object)
SignLoop.Editor.BoneOrientationDebugger:InspectBones () (at Assets/Scripts/Editor/BoneOrientationDebugger.cs:72)
System.Reflection.RuntimeMethodInfo:Invoke (object,System.Reflection.BindingFlags,System.Reflection.Binder,object[],System.Globalization.CultureInfo)
System.Reflection.MethodBase:Invoke (object,object[])
UnityEditor.EditorAssemblies:ProcessInitializeOnLoadMethodAttributes ()

(Filename: Assets/Scripts/Editor/BoneOrientationDebugger.cs Line: 72)

=============================================================
UnityEngine.Debug:ExtractStackTraceNoAlloc (byte*,int,string)
UnityEngine.StackTraceUtility:ExtractStackTrace ()
UnityEngine.DebugLogHandler:Internal_Log (UnityEngine.LogType,UnityEngine.LogOption,string,UnityEngine.Object)
UnityEngine.DebugLogHandler:LogFormat (UnityEngine.LogType,UnityEngine.Object,string,object[])
UnityEngine.Logger:Log (UnityEngine.LogType,object)
UnityEngine.Debug:Log (object)
SignLoop.Editor.BoneOrientationDebugger:InspectBones () (at Assets/Scripts/Editor/BoneOrientationDebugger.cs:75)
System.Reflection.RuntimeMethodInfo:Invoke (object,System.Reflection.BindingFlags,System.Reflection.Binder,object[],System.Globalization.CultureInfo)
System.Reflection.MethodBase:Invoke (object,object[])
UnityEditor.EditorAssemblies:ProcessInitializeOnLoadMethodAttributes ()

(Filename: Assets/Scripts/Editor/BoneOrientationDebugger.cs Line: 75)

ScheduleIndexationOnStartup MainProcess:False IndexOnStartup:True
Error saving file Library/StateCache/LayerSettings/9e/9ecc5c3c162a7aba29bafa64c8b94b7c.json. Error: System.IO.IOException: Sharing violation on path D:\Github\SignLoop-RL-Framework-for-Two-Way-ISL-Communication\isl-vr-unity\Library\StateCache\LayerSettings\9e\9ecc5c3c162a7aba29bafa64c8b94b7c.json
  at System.IO.FileStream..ctor (System.String path, System.IO.FileMode mode, System.IO.FileAccess access, System.IO.FileShare share, System.Int32 bufferSize, System.Boolean anonymous, System.IO.FileOptions options) [0x0019e] in <41d29b352f6a475ab1bf7c6628b82790>:0 
  at System.IO.FileStream..ctor (System.String path, System.IO.FileMode mode, System.IO.FileAccess access, System.IO.FileShare share, System.Int32 bufferSize, System.IO.FileOptions options) [0x00000] in <41d29b352f6a475ab1bf7c6628b82790>:0 
  at (wrapper remoting-invoke-with-check) System.IO.FileStream..ctor(string,System.IO.FileMode,System.IO.FileAccess,System.IO.FileShare,int,System.IO.FileOptions)
  at System.IO.StreamWriter..ctor (System.String path, System.Boolean append, System.Text.Encoding encoding, System.Int32 bufferSize) [0x00055] in <41d29b352f6a475ab1bf7c6628b82790>:0 
  at System.IO.StreamWriter..ctor (System.String path, System.Boolean append, System.Text.Encoding encoding) [0x00000] in <41d29b352f6a475ab1bf7c6628b82790>:0 
  at (wrapper remoting-invoke-with-check) System.IO.StreamWriter..ctor(string,bool,System.Text.Encoding)
  at System.IO.File.WriteAllText (System.String path, System.String contents, System.Text.Encoding encoding) [0x00034] in <41d29b352f6a475ab1bf7c6628b82790>:0 
  at UnityEditor.StateCache`1[T].SaveJsonState (System.String filePath, T value) [0x00014] in <4a6210677a0042ea8ce1fd85759d4494>:0 
  at UnityEditor.StateCache`1[T].SetState (UnityEngine.Hash128 key, T obj) [0x00059] in <4a6210677a0042ea8ce1fd85759d4494>:0 
UnityEngine.Debug:ExtractStackTraceNoAlloc (byte*,int,string)
UnityEngine.StackTraceUtility:ExtractStackTrace ()
UnityEngine.DebugLogHandler:Internal_Log (UnityEngine.LogType,UnityEngine.LogOption,string,UnityEngine.Object)
UnityEngine.DebugLogHandler:LogFormat (UnityEngine.LogType,UnityEngine.Object,string,object[])
UnityEngine.Logger:Log (UnityEngine.LogType,object)
UnityEngine.Debug:LogError (object)
UnityEditor.StateCache`1<UnityEditor.Tools/LayerSettings>:SetState (UnityEngine.Hash128,UnityEditor.Tools/LayerSettings)
UnityEditor.Tools:set_lockedLayers (int)
UnityEditor.Tools:OnEnable ()

Mono: successfully reloaded assembly
[Package Manager] Failed to launch server process. Reason: Unity was launched with the -noUpm command-line argument
[Package Manager] Unable to send message (not connected to server process).
[Package Manager] Cannot connect to Unity Package Manager local server
- Finished resetting the current domain, in  0.638 seconds
Domain Reload Profiling: 1158ms
	BeginReloadAssembly (197ms)
		ExecutionOrderSort (0ms)
		DisableScriptedObjects (8ms)
		BackupInstance (0ms)
		ReleaseScriptingObjects (0ms)
		CreateAndSetChildDomain (35ms)
	RebuildCommonClasses (39ms)
	RebuildNativeTypeToScriptingClass (10ms)
	initialDomainReloadingComplete (19ms)
	LoadAllAssembliesAndSetupDomain (254ms)
		LoadAssemblies (263ms)
		RebuildTransferFunctionScriptingTraits (0ms)
		AnalyzeDomain (100ms)
			TypeCache.Refresh (5ms)
				TypeCache.ScanAssembly (0ms)
			BuildScriptInfoCaches (87ms)
			ResolveRequiredComponents (5ms)
	FinalizeReload (639ms)
		ReleaseScriptCaches (0ms)
		RebuildScriptCaches (0ms)
		SetupLoadedEditorAssemblies (474ms)
			LogAssemblyErrors (0ms)
			InitializePlatformSupportModulesInManaged (9ms)
			SetLoadedEditorAssemblies (5ms)
			BeforeProcessingInitializeOnLoad (115ms)
			ProcessInitializeOnLoadAttributes (255ms)
			ProcessInitializeOnLoadMethodAttributes (88ms)
			AfterProcessingInitializeOnLoad (2ms)
			EditorAssembliesLoaded (0ms)
		ExecutionOrderSort2 (0ms)
		AwakeInstancesAfterBackupRestoration (15ms)
Refreshing native plugins compatible for Editor in 6.52 ms, found 6 plugins.
Preloading 0 native plugins for Editor in 0.00 ms.
Unloading 0 Unused Serialized files (Serialized files now loaded: 0)
Unloading 3386 unused Assets / (0.9 MB). Loaded Objects now: 3882.
Memory consumption went from 103.7 MB to 102.9 MB.
Total: 5.499200 ms (FindLiveObjects: 0.290300 ms CreateObjectMapping: 0.150000 ms MarkObjects: 4.191600 ms  DeleteObjects: 0.866100 ms)

Prepare: number of updated asset objects reloaded= 0
========================================================================
Received Prepare
Begin MonoManager ReloadAssembly
[Licensing::Client] Successfully resolved entitlement details
- Loaded All Assemblies, in  0.537 seconds
'Packages/com.unity.xr.openxr/Runtime/OpenXRLoader.cs' contains partial class of Unity.Object, exactly 1 of the partial classes needs to be in a file with the same filename. This is to know the one that can be referenced from ie. GameObjects
'Packages/com.unity.xr.openxr/Runtime/OpenXRLoaderInternal.cs' contains partial class of Unity.Object, exactly 1 of the partial classes needs to be in a file with the same filename. This is to know the one that can be referenced from ie. GameObjects
Refreshing native plugins compatible for Editor in 4.79 ms, found 6 plugins.
Native extension for Android target not found
Native extension for WindowsStandalone target not found
[Package Manager] Failed to launch server process. Reason: Unity was launched with the -noUpm command-line argument
[Package Manager] Unable to send message (not connected to server process).
[Package Manager] Cannot connect to Unity Package Manager local server
[MODES] ModeService[none].Initialize
[MODES] ModeService[none].LoadModes
================ BONE ORIENTATION DIAGNOSTIC ================
UnityEngine.Debug:ExtractStackTraceNoAlloc (byte*,int,string)
UnityEngine.StackTraceUtility:ExtractStackTrace ()
UnityEngine.DebugLogHandler:Internal_Log (UnityEngine.LogType,UnityEngine.LogOption,string,UnityEngine.Object)
UnityEngine.DebugLogHandler:LogFormat (UnityEngine.LogType,UnityEngine.Object,string,object[])
UnityEngine.Logger:Log (UnityEngine.LogType,object)
UnityEngine.Debug:Log (object)
SignLoop.Editor.BoneOrientationDebugger:InspectBones () (at Assets/Scripts/Editor/BoneOrientationDebugger.cs:20)
System.Reflection.RuntimeMethodInfo:Invoke (object,System.Reflection.BindingFlags,System.Reflection.Binder,object[],System.Globalization.CultureInfo)
System.Reflection.MethodBase:Invoke (object,object[])
UnityEditor.EditorAssemblies:ProcessInitializeOnLoadMethodAttributes ()

(Filename: Assets/Scripts/Editor/BoneOrientationDebugger.cs Line: 20)

LHand: localPos=(0.00, 0.26, 0.00), localRot=(0.12, 0.09, 1.22)
UnityEngine.Debug:ExtractStackTraceNoAlloc (byte*,int,string)
UnityEngine.StackTraceUtility:ExtractStackTrace ()
UnityEngine.DebugLogHandler:Internal_Log (UnityEngine.LogType,UnityEngine.LogOption,string,UnityEngine.Object)
UnityEngine.DebugLogHandler:LogFormat (UnityEngine.LogType,UnityEngine.Object,string,object[])
UnityEngine.Logger:Log (UnityEngine.LogType,object)
UnityEngine.Debug:Log (object)
SignLoop.Editor.BoneOrientationDebugger:InspectBones () (at Assets/Scripts/Editor/BoneOrientationDebugger.cs:44)
System.Reflection.RuntimeMethodInfo:Invoke (object,System.Reflection.BindingFlags,System.Reflection.Binder,object[],System.Globalization.CultureInfo)
System.Reflection.MethodBase:Invoke (object,object[])
UnityEditor.EditorAssemblies:ProcessInitializeOnLoadMethodAttributes ()

(Filename: Assets/Scripts/Editor/BoneOrientationDebugger.cs Line: 44)

RHand: localPos=(0.00, 0.26, 0.00), localRot=(0.12, 359.91, 358.78)
UnityEngine.Debug:ExtractStackTraceNoAlloc (byte*,int,string)
UnityEngine.StackTraceUtility:ExtractStackTrace ()
UnityEngine.DebugLogHandler:Internal_Log (UnityEngine.LogType,UnityEngine.LogOption,string,UnityEngine.Object)
UnityEngine.DebugLogHandler:LogFormat (UnityEngine.LogType,UnityEngine.Object,string,object[])
UnityEngine.Logger:Log (UnityEngine.LogType,object)
UnityEngine.Debug:Log (object)
SignLoop.Editor.BoneOrientationDebugger:InspectBones () (at Assets/Scripts/Editor/BoneOrientationDebugger.cs:45)
System.Reflection.RuntimeMethodInfo:Invoke (object,System.Reflection.BindingFlags,System.Reflection.Binder,object[],System.Globalization.CultureInfo)
System.Reflection.MethodBase:Invoke (object,object[])
UnityEditor.EditorAssemblies:ProcessInitializeOnLoadMethodAttributes ()

(Filename: Assets/Scripts/Editor/BoneOrientationDebugger.cs Line: 45)

LIndex1: localEuler=(0.16, 359.26, 353.16), boneExtentDir=(0.00, 1.00, 0.00)
UnityEngine.Debug:ExtractStackTraceNoAlloc (byte*,int,string)
UnityEngine.StackTraceUtility:ExtractStackTrace ()
UnityEngine.DebugLogHandler:Internal_Log (UnityEngine.LogType,UnityEngine.LogOption,string,UnityEngine.Object)
UnityEngine.DebugLogHandler:LogFormat (UnityEngine.LogType,UnityEngine.Object,string,object[])
UnityEngine.Logger:Log (UnityEngine.LogType,object)
UnityEngine.Debug:Log (object)
SignLoop.Editor.BoneOrientationDebugger:InspectBones () (at Assets/Scripts/Editor/BoneOrientationDebugger.cs:51)
System.Reflection.RuntimeMethodInfo:Invoke (object,System.Reflection.BindingFlags,System.Reflection.Binder,object[],System.Globalization.CultureInfo)
System.Reflection.MethodBase:Invoke (object,object[])
UnityEditor.EditorAssemblies:ProcessInitializeOnLoadMethodAttributes ()

(Filename: Assets/Scripts/Editor/BoneOrientationDebugger.cs Line: 51)

RIndex1: localEuler=(0.16, 0.74, 6.84), boneExtentDir=(0.00, 1.00, 0.00)
UnityEngine.Debug:ExtractStackTraceNoAlloc (byte*,int,string)
UnityEngine.StackTraceUtility:ExtractStackTrace ()
UnityEngine.DebugLogHandler:Internal_Log (UnityEngine.LogType,UnityEngine.LogOption,string,UnityEngine.Object)
UnityEngine.DebugLogHandler:LogFormat (UnityEngine.LogType,UnityEngine.Object,string,object[])
UnityEngine.Logger:Log (UnityEngine.LogType,object)
UnityEngine.Debug:Log (object)
SignLoop.Editor.BoneOrientationDebugger:InspectBones () (at Assets/Scripts/Editor/BoneOrientationDebugger.cs:58)
System.Reflection.RuntimeMethodInfo:Invoke (object,System.Reflection.BindingFlags,System.Reflection.Binder,object[],System.Globalization.CultureInfo)
System.Reflection.MethodBase:Invoke (object,object[])
UnityEditor.EditorAssemblies:ProcessInitializeOnLoadMethodAttributes ()

(Filename: Assets/Scripts/Editor/BoneOrientationDebugger.cs Line: 58)

LThumb1: localEuler=(20.80, 2.95, 313.60), boneExtentDir=(0.00, 1.00, 0.00)
UnityEngine.Debug:ExtractStackTraceNoAlloc (byte*,int,string)
UnityEngine.StackTraceUtility:ExtractStackTrace ()
UnityEngine.DebugLogHandler:Internal_Log (UnityEngine.LogType,UnityEngine.LogOption,string,UnityEngine.Object)
UnityEngine.DebugLogHandler:LogFormat (UnityEngine.LogType,UnityEngine.Object,string,object[])
UnityEngine.Logger:Log (UnityEngine.LogType,object)
UnityEngine.Debug:Log (object)
SignLoop.Editor.BoneOrientationDebugger:InspectBones () (at Assets/Scripts/Editor/BoneOrientationDebugger.cs:65)
System.Reflection.RuntimeMethodInfo:Invoke (object,System.Reflection.BindingFlags,System.Reflection.Binder,object[],System.Globalization.CultureInfo)
System.Reflection.MethodBase:Invoke (object,object[])
UnityEditor.EditorAssemblies:ProcessInitializeOnLoadMethodAttributes ()

(Filename: Assets/Scripts/Editor/BoneOrientationDebugger.cs Line: 65)

RThumb1: localEuler=(20.80, 357.05, 46.40), boneExtentDir=(0.00, 1.00, 0.00)
UnityEngine.Debug:ExtractStackTraceNoAlloc (byte*,int,string)
UnityEngine.StackTraceUtility:ExtractStackTrace ()
UnityEngine.DebugLogHandler:Internal_Log (UnityEngine.LogType,UnityEngine.LogOption,string,UnityEngine.Object)
UnityEngine.DebugLogHandler:LogFormat (UnityEngine.LogType,UnityEngine.Object,string,object[])
UnityEngine.Logger:Log (UnityEngine.LogType,object)
UnityEngine.Debug:Log (object)
SignLoop.Editor.BoneOrientationDebugger:InspectBones () (at Assets/Scripts/Editor/BoneOrientationDebugger.cs:72)
System.Reflection.RuntimeMethodInfo:Invoke (object,System.Reflection.BindingFlags,System.Reflection.Binder,object[],System.Globalization.CultureInfo)
System.Reflection.MethodBase:Invoke (object,object[])
UnityEditor.EditorAssemblies:ProcessInitializeOnLoadMethodAttributes ()

(Filename: Assets/Scripts/Editor/BoneOrientationDebugger.cs Line: 72)

=============================================================
UnityEngine.Debug:ExtractStackTraceNoAlloc (byte*,int,string)
UnityEngine.StackTraceUtility:ExtractStackTrace ()
UnityEngine.DebugLogHandler:Internal_Log (UnityEngine.LogType,UnityEngine.LogOption,string,UnityEngine.Object)
UnityEngine.DebugLogHandler:LogFormat (UnityEngine.LogType,UnityEngine.Object,string,object[])
UnityEngine.Logger:Log (UnityEngine.LogType,object)
UnityEngine.Debug:Log (object)
SignLoop.Editor.BoneOrientationDebugger:InspectBones () (at Assets/Scripts/Editor/BoneOrientationDebugger.cs:75)
System.Reflection.RuntimeMethodInfo:Invoke (object,System.Reflection.BindingFlags,System.Reflection.Binder,object[],System.Globalization.CultureInfo)
System.Reflection.MethodBase:Invoke (object,object[])
UnityEditor.EditorAssemblies:ProcessInitializeOnLoadMethodAttributes ()

(Filename: Assets/Scripts/Editor/BoneOrientationDebugger.cs Line: 75)

ScheduleIndexationOnStartup MainProcess:False IndexOnStartup:True
Mono: successfully reloaded assembly
[Package Manager] Failed to launch server process. Reason: Unity was launched with the -noUpm command-line argument
[Package Manager] Unable to send message (not connected to server process).
[Package Manager] Cannot connect to Unity Package Manager local server
- Finished resetting the current domain, in  0.504 seconds
Domain Reload Profiling: 1043ms
	BeginReloadAssembly (229ms)
		ExecutionOrderSort (0ms)
		DisableScriptedObjects (45ms)
		BackupInstance (0ms)
		ReleaseScriptingObjects (0ms)
		CreateAndSetChildDomain (34ms)
	RebuildCommonClasses (32ms)
	RebuildNativeTypeToScriptingClass (13ms)
	initialDomainReloadingComplete (19ms)
	LoadAllAssembliesAndSetupDomain (246ms)
		LoadAssemblies (250ms)
		RebuildTransferFunctionScriptingTraits (0ms)
		AnalyzeDomain (101ms)
			TypeCache.Refresh (7ms)
				TypeCache.ScanAssembly (0ms)
			BuildScriptInfoCaches (85ms)
			ResolveRequiredComponents (5ms)
	FinalizeReload (504ms)
		ReleaseScriptCaches (0ms)
		RebuildScriptCaches (0ms)
		SetupLoadedEditorAssemblies (372ms)
			LogAssemblyErrors (0ms)
			InitializePlatformSupportModulesInManaged (9ms)
			SetLoadedEditorAssemblies (4ms)
			BeforeProcessingInitializeOnLoad (98ms)
			ProcessInitializeOnLoadAttributes (190ms)
			ProcessInitializeOnLoadMethodAttributes (69ms)
			AfterProcessingInitializeOnLoad (2ms)
			EditorAssembliesLoaded (0ms)
		ExecutionOrderSort2 (0ms)
		AwakeInstancesAfterBackupRestoration (14ms)
Refreshing native plugins compatible for Editor in 6.51 ms, found 6 plugins.
Preloading 0 native plugins for Editor in 0.00 ms.
Unloading 0 Unused Serialized files (Serialized files now loaded: 0)
Unloading 3386 unused Assets / (0.8 MB). Loaded Objects now: 3883.
Memory consumption went from 104.0 MB to 103.2 MB.
Total: 4.782100 ms (FindLiveObjects: 0.322600 ms CreateObjectMapping: 0.136500 ms MarkObjects: 3.670900 ms  DeleteObjects: 0.650200 ms)

Prepare: number of updated asset objects reloaded= 0
========================================================================
Received Prepare
Begin MonoManager ReloadAssembly
- Loaded All Assemblies, in  0.497 seconds
'Packages/com.unity.xr.openxr/Runtime/OpenXRLoader.cs' contains partial class of Unity.Object, exactly 1 of the partial classes needs to be in a file with the same filename. This is to know the one that can be referenced from ie. GameObjects
'Packages/com.unity.xr.openxr/Runtime/OpenXRLoaderInternal.cs' contains partial class of Unity.Object, exactly 1 of the partial classes needs to be in a file with the same filename. This is to know the one that can be referenced from ie. GameObjects
Refreshing native plugins compatible for Editor in 8.00 ms, found 6 plugins.
Native extension for Android target not found
Native extension for WindowsStandalone target not found
[Package Manager] Failed to launch server process. Reason: Unity was launched with the -noUpm command-line argument
[Package Manager] Unable to send message (not connected to server process).
[Package Manager] Cannot connect to Unity Package Manager local server
[MODES] ModeService[none].Initialize
[MODES] ModeService[none].LoadModes
================ BONE ORIENTATION DIAGNOSTIC ================
UnityEngine.Debug:ExtractStackTraceNoAlloc (byte*,int,string)
UnityEngine.StackTraceUtility:ExtractStackTrace ()
UnityEngine.DebugLogHandler:Internal_Log (UnityEngine.LogType,UnityEngine.LogOption,string,UnityEngine.Object)
UnityEngine.DebugLogHandler:LogFormat (UnityEngine.LogType,UnityEngine.Object,string,object[])
UnityEngine.Logger:Log (UnityEngine.LogType,object)
UnityEngine.Debug:Log (object)
SignLoop.Editor.BoneOrientationDebugger:InspectBones () (at Assets/Scripts/Editor/BoneOrientationDebugger.cs:20)
System.Reflection.RuntimeMethodInfo:Invoke (object,System.Reflection.BindingFlags,System.Reflection.Binder,object[],System.Globalization.CultureInfo)
System.Reflection.MethodBase:Invoke (object,object[])
UnityEditor.EditorAssemblies:ProcessInitializeOnLoadMethodAttributes ()

(Filename: Assets/Scripts/Editor/BoneOrientationDebugger.cs Line: 20)

LHand: localPos=(0.00, 0.26, 0.00), localRot=(0.12, 0.09, 1.22)
UnityEngine.Debug:ExtractStackTraceNoAlloc (byte*,int,string)
UnityEngine.StackTraceUtility:ExtractStackTrace ()
UnityEngine.DebugLogHandler:Internal_Log (UnityEngine.LogType,UnityEngine.LogOption,string,UnityEngine.Object)
UnityEngine.DebugLogHandler:LogFormat (UnityEngine.LogType,UnityEngine.Object,string,object[])
UnityEngine.Logger:Log (UnityEngine.LogType,object)
UnityEngine.Debug:Log (object)
SignLoop.Editor.BoneOrientationDebugger:InspectBones () (at Assets/Scripts/Editor/BoneOrientationDebugger.cs:44)
System.Reflection.RuntimeMethodInfo:Invoke (object,System.Reflection.BindingFlags,System.Reflection.Binder,object[],System.Globalization.CultureInfo)
System.Reflection.MethodBase:Invoke (object,object[])
UnityEditor.EditorAssemblies:ProcessInitializeOnLoadMethodAttributes ()

(Filename: Assets/Scripts/Editor/BoneOrientationDebugger.cs Line: 44)

RHand: localPos=(0.00, 0.26, 0.00), localRot=(0.12, 359.91, 358.78)
UnityEngine.Debug:ExtractStackTraceNoAlloc (byte*,int,string)
UnityEngine.StackTraceUtility:ExtractStackTrace ()
UnityEngine.DebugLogHandler:Internal_Log (UnityEngine.LogType,UnityEngine.LogOption,string,UnityEngine.Object)
UnityEngine.DebugLogHandler:LogFormat (UnityEngine.LogType,UnityEngine.Object,string,object[])
UnityEngine.Logger:Log (UnityEngine.LogType,object)
UnityEngine.Debug:Log (object)
SignLoop.Editor.BoneOrientationDebugger:InspectBones () (at Assets/Scripts/Editor/BoneOrientationDebugger.cs:45)
System.Reflection.RuntimeMethodInfo:Invoke (object,System.Reflection.BindingFlags,System.Reflection.Binder,object[],System.Globalization.CultureInfo)
System.Reflection.MethodBase:Invoke (object,object[])
UnityEditor.EditorAssemblies:ProcessInitializeOnLoadMethodAttributes ()

(Filename: Assets/Scripts/Editor/BoneOrientationDebugger.cs Line: 45)

LIndex1: localEuler=(0.16, 359.26, 353.16), boneExtentDir=(0.00, 1.00, 0.00)
UnityEngine.Debug:ExtractStackTraceNoAlloc (byte*,int,string)
UnityEngine.StackTraceUtility:ExtractStackTrace ()
UnityEngine.DebugLogHandler:Internal_Log (UnityEngine.LogType,UnityEngine.LogOption,string,UnityEngine.Object)
UnityEngine.DebugLogHandler:LogFormat (UnityEngine.LogType,UnityEngine.Object,string,object[])
UnityEngine.Logger:Log (UnityEngine.LogType,object)
UnityEngine.Debug:Log (object)
SignLoop.Editor.BoneOrientationDebugger:InspectBones () (at Assets/Scripts/Editor/BoneOrientationDebugger.cs:51)
System.Reflection.RuntimeMethodInfo:Invoke (object,System.Reflection.BindingFlags,System.Reflection.Binder,object[],System.Globalization.CultureInfo)
System.Reflection.MethodBase:Invoke (object,object[])
UnityEditor.EditorAssemblies:ProcessInitializeOnLoadMethodAttributes ()

(Filename: Assets/Scripts/Editor/BoneOrientationDebugger.cs Line: 51)

RIndex1: localEuler=(0.16, 0.74, 6.84), boneExtentDir=(0.00, 1.00, 0.00)
UnityEngine.Debug:ExtractStackTraceNoAlloc (byte*,int,string)
UnityEngine.StackTraceUtility:ExtractStackTrace ()
UnityEngine.DebugLogHandler:Internal_Log (UnityEngine.LogType,UnityEngine.LogOption,string,UnityEngine.Object)
UnityEngine.DebugLogHandler:LogFormat (UnityEngine.LogType,UnityEngine.Object,string,object[])
UnityEngine.Logger:Log (UnityEngine.LogType,object)
UnityEngine.Debug:Log (object)
SignLoop.Editor.BoneOrientationDebugger:InspectBones () (at Assets/Scripts/Editor/BoneOrientationDebugger.cs:58)
System.Reflection.RuntimeMethodInfo:Invoke (object,System.Reflection.BindingFlags,System.Reflection.Binder,object[],System.Globalization.CultureInfo)
System.Reflection.MethodBase:Invoke (object,object[])
UnityEditor.EditorAssemblies:ProcessInitializeOnLoadMethodAttributes ()

(Filename: Assets/Scripts/Editor/BoneOrientationDebugger.cs Line: 58)

LThumb1: localEuler=(20.80, 2.95, 313.60), boneExtentDir=(0.00, 1.00, 0.00)
UnityEngine.Debug:ExtractStackTraceNoAlloc (byte*,int,string)
UnityEngine.StackTraceUtility:ExtractStackTrace ()
UnityEngine.DebugLogHandler:Internal_Log (UnityEngine.LogType,UnityEngine.LogOption,string,UnityEngine.Object)
UnityEngine.DebugLogHandler:LogFormat (UnityEngine.LogType,UnityEngine.Object,string,object[])
UnityEngine.Logger:Log (UnityEngine.LogType,object)
UnityEngine.Debug:Log (object)
SignLoop.Editor.BoneOrientationDebugger:InspectBones () (at Assets/Scripts/Editor/BoneOrientationDebugger.cs:65)
System.Reflection.RuntimeMethodInfo:Invoke (object,System.Reflection.BindingFlags,System.Reflection.Binder,object[],System.Globalization.CultureInfo)
System.Reflection.MethodBase:Invoke (object,object[])
UnityEditor.EditorAssemblies:ProcessInitializeOnLoadMethodAttributes ()

(Filename: Assets/Scripts/Editor/BoneOrientationDebugger.cs Line: 65)

RThumb1: localEuler=(20.80, 357.05, 46.40), boneExtentDir=(0.00, 1.00, 0.00)
UnityEngine.Debug:ExtractStackTraceNoAlloc (byte*,int,string)
UnityEngine.StackTraceUtility:ExtractStackTrace ()
UnityEngine.DebugLogHandler:Internal_Log (UnityEngine.LogType,UnityEngine.LogOption,string,UnityEngine.Object)
UnityEngine.DebugLogHandler:LogFormat (UnityEngine.LogType,UnityEngine.Object,string,object[])
UnityEngine.Logger:Log (UnityEngine.LogType,object)
UnityEngine.Debug:Log (object)
SignLoop.Editor.BoneOrientationDebugger:InspectBones () (at Assets/Scripts/Editor/BoneOrientationDebugger.cs:72)
System.Reflection.RuntimeMethodInfo:Invoke (object,System.Reflection.BindingFlags,System.Reflection.Binder,object[],System.Globalization.CultureInfo)
System.Reflection.MethodBase:Invoke (object,object[])
UnityEditor.EditorAssemblies:ProcessInitializeOnLoadMethodAttributes ()

(Filename: Assets/Scripts/Editor/BoneOrientationDebugger.cs Line: 72)

=============================================================
UnityEngine.Debug:ExtractStackTraceNoAlloc (byte*,int,string)
UnityEngine.StackTraceUtility:ExtractStackTrace ()
UnityEngine.DebugLogHandler:Internal_Log (UnityEngine.LogType,UnityEngine.LogOption,string,UnityEngine.Object)
UnityEngine.DebugLogHandler:LogFormat (UnityEngine.LogType,UnityEngine.Object,string,object[])
UnityEngine.Logger:Log (UnityEngine.LogType,object)
UnityEngine.Debug:Log (object)
SignLoop.Editor.BoneOrientationDebugger:InspectBones () (at Assets/Scripts/Editor/BoneOrientationDebugger.cs:75)
System.Reflection.RuntimeMethodInfo:Invoke (object,System.Reflection.BindingFlags,System.Reflection.Binder,object[],System.Globalization.CultureInfo)
System.Reflection.MethodBase:Invoke (object,object[])
UnityEditor.EditorAssemblies:ProcessInitializeOnLoadMethodAttributes ()

(Filename: Assets/Scripts/Editor/BoneOrientationDebugger.cs Line: 75)

ScheduleIndexationOnStartup MainProcess:False IndexOnStartup:True
Mono: successfully reloaded assembly
[Package Manager] Failed to launch server process. Reason: Unity was launched with the -noUpm command-line argument
[Package Manager] Unable to send message (not connected to server process).
[Package Manager] Cannot connect to Unity Package Manager local server
- Finished resetting the current domain, in  0.497 seconds
Domain Reload Profiling: 996ms
	BeginReloadAssembly (190ms)
		ExecutionOrderSort (0ms)
		DisableScriptedObjects (8ms)
		BackupInstance (0ms)
		ReleaseScriptingObjects (0ms)
		CreateAndSetChildDomain (32ms)
	RebuildCommonClasses (30ms)
	RebuildNativeTypeToScriptingClass (11ms)
	initialDomainReloadingComplete (19ms)
	LoadAllAssembliesAndSetupDomain (249ms)
		LoadAssemblies (253ms)
		RebuildTransferFunctionScriptingTraits (0ms)
		AnalyzeDomain (103ms)
			TypeCache.Refresh (5ms)
				TypeCache.ScanAssembly (0ms)
			BuildScriptInfoCaches (91ms)
			ResolveRequiredComponents (5ms)
	FinalizeReload (498ms)
		ReleaseScriptCaches (0ms)
		RebuildScriptCaches (0ms)
		SetupLoadedEditorAssemblies (372ms)
			LogAssemblyErrors (0ms)
			InitializePlatformSupportModulesInManaged (8ms)
			SetLoadedEditorAssemblies (4ms)
			BeforeProcessingInitializeOnLoad (88ms)
			ProcessInitializeOnLoadAttributes (204ms)
			ProcessInitializeOnLoadMethodAttributes (67ms)
			AfterProcessingInitializeOnLoad (1ms)
			EditorAssembliesLoaded (0ms)
		ExecutionOrderSort2 (0ms)
		AwakeInstancesAfterBackupRestoration (13ms)
Refreshing native plugins compatible for Editor in 5.07 ms, found 6 plugins.
Preloading 0 native plugins for Editor in 0.00 ms.
Unloading 0 Unused Serialized files (Serialized files now loaded: 0)
Unloading 3386 unused Assets / (0.7 MB). Loaded Objects now: 3884.
Memory consumption went from 104.2 MB to 103.6 MB.
Total: 4.768800 ms (FindLiveObjects: 0.231800 ms CreateObjectMapping: 0.126600 ms MarkObjects: 3.748000 ms  DeleteObjects: 0.661100 ms)

Prepare: number of updated asset objects reloaded= 0
========================================================================
Received Prepare
Begin MonoManager ReloadAssembly
- Loaded All Assemblies, in  0.497 seconds
'Packages/com.unity.xr.openxr/Runtime/OpenXRLoader.cs' contains partial class of Unity.Object, exactly 1 of the partial classes needs to be in a file with the same filename. This is to know the one that can be referenced from ie. GameObjects
'Packages/com.unity.xr.openxr/Runtime/OpenXRLoaderInternal.cs' contains partial class of Unity.Object, exactly 1 of the partial classes needs to be in a file with the same filename. This is to know the one that can be referenced from ie. GameObjects
Refreshing native plugins compatible for Editor in 5.19 ms, found 6 plugins.
Native extension for Android target not found
Native extension for WindowsStandalone target not found
[Package Manager] Failed to launch server process. Reason: Unity was launched with the -noUpm command-line argument
[Package Manager] Unable to send message (not connected to server process).
[Package Manager] Cannot connect to Unity Package Manager local server
[MODES] ModeService[none].Initialize
[MODES] ModeService[none].LoadModes
================ BONE ORIENTATION DIAGNOSTIC ================
UnityEngine.Debug:ExtractStackTraceNoAlloc (byte*,int,string)
UnityEngine.StackTraceUtility:ExtractStackTrace ()
UnityEngine.DebugLogHandler:Internal_Log (UnityEngine.LogType,UnityEngine.LogOption,string,UnityEngine.Object)
UnityEngine.DebugLogHandler:LogFormat (UnityEngine.LogType,UnityEngine.Object,string,object[])
UnityEngine.Logger:Log (UnityEngine.LogType,object)
UnityEngine.Debug:Log (object)
SignLoop.Editor.BoneOrientationDebugger:InspectBones () (at Assets/Scripts/Editor/BoneOrientationDebugger.cs:20)
System.Reflection.RuntimeMethodInfo:Invoke (object,System.Reflection.BindingFlags,System.Reflection.Binder,object[],System.Globalization.CultureInfo)
System.Reflection.MethodBase:Invoke (object,object[])
UnityEditor.EditorAssemblies:ProcessInitializeOnLoadMethodAttributes ()

(Filename: Assets/Scripts/Editor/BoneOrientationDebugger.cs Line: 20)

LHand: localPos=(0.00, 0.26, 0.00), localRot=(0.12, 0.09, 1.22)
UnityEngine.Debug:ExtractStackTraceNoAlloc (byte*,int,string)
UnityEngine.StackTraceUtility:ExtractStackTrace ()
UnityEngine.DebugLogHandler:Internal_Log (UnityEngine.LogType,UnityEngine.LogOption,string,UnityEngine.Object)
UnityEngine.DebugLogHandler:LogFormat (UnityEngine.LogType,UnityEngine.Object,string,object[])
UnityEngine.Logger:Log (UnityEngine.LogType,object)
UnityEngine.Debug:Log (object)
SignLoop.Editor.BoneOrientationDebugger:InspectBones () (at Assets/Scripts/Editor/BoneOrientationDebugger.cs:44)
System.Reflection.RuntimeMethodInfo:Invoke (object,System.Reflection.BindingFlags,System.Reflection.Binder,object[],System.Globalization.CultureInfo)
System.Reflection.MethodBase:Invoke (object,object[])
UnityEditor.EditorAssemblies:ProcessInitializeOnLoadMethodAttributes ()

(Filename: Assets/Scripts/Editor/BoneOrientationDebugger.cs Line: 44)

RHand: localPos=(0.00, 0.26, 0.00), localRot=(0.12, 359.91, 358.78)
UnityEngine.Debug:ExtractStackTraceNoAlloc (byte*,int,string)
UnityEngine.StackTraceUtility:ExtractStackTrace ()
UnityEngine.DebugLogHandler:Internal_Log (UnityEngine.LogType,UnityEngine.LogOption,string,UnityEngine.Object)
UnityEngine.DebugLogHandler:LogFormat (UnityEngine.LogType,UnityEngine.Object,string,object[])
UnityEngine.Logger:Log (UnityEngine.LogType,object)
UnityEngine.Debug:Log (object)
SignLoop.Editor.BoneOrientationDebugger:InspectBones () (at Assets/Scripts/Editor/BoneOrientationDebugger.cs:45)
System.Reflection.RuntimeMethodInfo:Invoke (object,System.Reflection.BindingFlags,System.Reflection.Binder,object[],System.Globalization.CultureInfo)
System.Reflection.MethodBase:Invoke (object,object[])
UnityEditor.EditorAssemblies:ProcessInitializeOnLoadMethodAttributes ()

(Filename: Assets/Scripts/Editor/BoneOrientationDebugger.cs Line: 45)

LIndex1: localEuler=(0.16, 359.26, 353.16), boneExtentDir=(0.00, 1.00, 0.00)
UnityEngine.Debug:ExtractStackTraceNoAlloc (byte*,int,string)
UnityEngine.StackTraceUtility:ExtractStackTrace ()
UnityEngine.DebugLogHandler:Internal_Log (UnityEngine.LogType,UnityEngine.LogOption,string,UnityEngine.Object)
UnityEngine.DebugLogHandler:LogFormat (UnityEngine.LogType,UnityEngine.Object,string,object[])
UnityEngine.Logger:Log (UnityEngine.LogType,object)
UnityEngine.Debug:Log (object)
SignLoop.Editor.BoneOrientationDebugger:InspectBones () (at Assets/Scripts/Editor/BoneOrientationDebugger.cs:51)
System.Reflection.RuntimeMethodInfo:Invoke (object,System.Reflection.BindingFlags,System.Reflection.Binder,object[],System.Globalization.CultureInfo)
System.Reflection.MethodBase:Invoke (object,object[])
UnityEditor.EditorAssemblies:ProcessInitializeOnLoadMethodAttributes ()

(Filename: Assets/Scripts/Editor/BoneOrientationDebugger.cs Line: 51)

RIndex1: localEuler=(0.16, 0.74, 6.84), boneExtentDir=(0.00, 1.00, 0.00)
UnityEngine.Debug:ExtractStackTraceNoAlloc (byte*,int,string)
UnityEngine.StackTraceUtility:ExtractStackTrace ()
UnityEngine.DebugLogHandler:Internal_Log (UnityEngine.LogType,UnityEngine.LogOption,string,UnityEngine.Object)
UnityEngine.DebugLogHandler:LogFormat (UnityEngine.LogType,UnityEngine.Object,string,object[])
UnityEngine.Logger:Log (UnityEngine.LogType,object)
UnityEngine.Debug:Log (object)
SignLoop.Editor.BoneOrientationDebugger:InspectBones () (at Assets/Scripts/Editor/BoneOrientationDebugger.cs:58)
System.Reflection.RuntimeMethodInfo:Invoke (object,System.Reflection.BindingFlags,System.Reflection.Binder,object[],System.Globalization.CultureInfo)
System.Reflection.MethodBase:Invoke (object,object[])
UnityEditor.EditorAssemblies:ProcessInitializeOnLoadMethodAttributes ()

(Filename: Assets/Scripts/Editor/BoneOrientationDebugger.cs Line: 58)

LThumb1: localEuler=(20.80, 2.95, 313.60), boneExtentDir=(0.00, 1.00, 0.00)
UnityEngine.Debug:ExtractStackTraceNoAlloc (byte*,int,string)
UnityEngine.StackTraceUtility:ExtractStackTrace ()
UnityEngine.DebugLogHandler:Internal_Log (UnityEngine.LogType,UnityEngine.LogOption,string,UnityEngine.Object)
UnityEngine.DebugLogHandler:LogFormat (UnityEngine.LogType,UnityEngine.Object,string,object[])
UnityEngine.Logger:Log (UnityEngine.LogType,object)
UnityEngine.Debug:Log (object)
SignLoop.Editor.BoneOrientationDebugger:InspectBones () (at Assets/Scripts/Editor/BoneOrientationDebugger.cs:65)
System.Reflection.RuntimeMethodInfo:Invoke (object,System.Reflection.BindingFlags,System.Reflection.Binder,object[],System.Globalization.CultureInfo)
System.Reflection.MethodBase:Invoke (object,object[])
UnityEditor.EditorAssemblies:ProcessInitializeOnLoadMethodAttributes ()

(Filename: Assets/Scripts/Editor/BoneOrientationDebugger.cs Line: 65)

RThumb1: localEuler=(20.80, 357.05, 46.40), boneExtentDir=(0.00, 1.00, 0.00)
UnityEngine.Debug:ExtractStackTraceNoAlloc (byte*,int,string)
UnityEngine.StackTraceUtility:ExtractStackTrace ()
UnityEngine.DebugLogHandler:Internal_Log (UnityEngine.LogType,UnityEngine.LogOption,string,UnityEngine.Object)
UnityEngine.DebugLogHandler:LogFormat (UnityEngine.LogType,UnityEngine.Object,string,object[])
UnityEngine.Logger:Log (UnityEngine.LogType,object)
UnityEngine.Debug:Log (object)
SignLoop.Editor.BoneOrientationDebugger:InspectBones () (at Assets/Scripts/Editor/BoneOrientationDebugger.cs:72)
System.Reflection.RuntimeMethodInfo:Invoke (object,System.Reflection.BindingFlags,System.Reflection.Binder,object[],System.Globalization.CultureInfo)
System.Reflection.MethodBase:Invoke (object,object[])
UnityEditor.EditorAssemblies:ProcessInitializeOnLoadMethodAttributes ()

(Filename: Assets/Scripts/Editor/BoneOrientationDebugger.cs Line: 72)

=============================================================
UnityEngine.Debug:ExtractStackTraceNoAlloc (byte*,int,string)
UnityEngine.StackTraceUtility:ExtractStackTrace ()
UnityEngine.DebugLogHandler:Internal_Log (UnityEngine.LogType,UnityEngine.LogOption,string,UnityEngine.Object)
UnityEngine.DebugLogHandler:LogFormat (UnityEngine.LogType,UnityEngine.Object,string,object[])
UnityEngine.Logger:Log (UnityEngine.LogType,object)
UnityEngine.Debug:Log (object)
SignLoop.Editor.BoneOrientationDebugger:InspectBones () (at Assets/Scripts/Editor/BoneOrientationDebugger.cs:75)
System.Reflection.RuntimeMethodInfo:Invoke (object,System.Reflection.BindingFlags,System.Reflection.Binder,object[],System.Globalization.CultureInfo)
System.Reflection.MethodBase:Invoke (object,object[])
UnityEditor.EditorAssemblies:ProcessInitializeOnLoadMethodAttributes ()

(Filename: Assets/Scripts/Editor/BoneOrientationDebugger.cs Line: 75)

ScheduleIndexationOnStartup MainProcess:False IndexOnStartup:True
Mono: successfully reloaded assembly
[Package Manager] Failed to launch server process. Reason: Unity was launched with the -noUpm command-line argument
[Package Manager] Unable to send message (not connected to server process).
[Package Manager] Cannot connect to Unity Package Manager local server
- Finished resetting the current domain, in  0.498 seconds
Domain Reload Profiling: 996ms
	BeginReloadAssembly (195ms)
		ExecutionOrderSort (0ms)
		DisableScriptedObjects (8ms)
		BackupInstance (0ms)
		ReleaseScriptingObjects (0ms)
		CreateAndSetChildDomain (32ms)
	RebuildCommonClasses (31ms)
	RebuildNativeTypeToScriptingClass (11ms)
	initialDomainReloadingComplete (20ms)
	LoadAllAssembliesAndSetupDomain (241ms)
		LoadAssemblies (255ms)
		RebuildTransferFunctionScriptingTraits (0ms)
		AnalyzeDomain (97ms)
			TypeCache.Refresh (5ms)
				TypeCache.ScanAssembly (0ms)
			BuildScriptInfoCaches (84ms)
			ResolveRequiredComponents (5ms)
	FinalizeReload (498ms)
		ReleaseScriptCaches (0ms)
		RebuildScriptCaches (0ms)
		SetupLoadedEditorAssemblies (369ms)
			LogAssemblyErrors (0ms)
			InitializePlatformSupportModulesInManaged (8ms)
			SetLoadedEditorAssemblies (5ms)
			BeforeProcessingInitializeOnLoad (93ms)
			ProcessInitializeOnLoadAttributes (198ms)
			ProcessInitializeOnLoadMethodAttributes (63ms)
			AfterProcessingInitializeOnLoad (1ms)
			EditorAssembliesLoaded (0ms)
		ExecutionOrderSort2 (0ms)
		AwakeInstancesAfterBackupRestoration (13ms)
Refreshing native plugins compatible for Editor in 5.25 ms, found 6 plugins.
Preloading 0 native plugins for Editor in 0.00 ms.
Unloading 0 Unused Serialized files (Serialized files now loaded: 0)
Unloading 3386 unused Assets / (0.9 MB). Loaded Objects now: 3885.
Memory consumption went from 104.5 MB to 103.6 MB.
Total: 4.887000 ms (FindLiveObjects: 0.262000 ms CreateObjectMapping: 0.128700 ms MarkObjects: 3.735800 ms  DeleteObjects: 0.759300 ms)

Prepare: number of updated asset objects reloaded= 0
========================================================================
Received Prepare
Begin MonoManager ReloadAssembly
[Licensing::Client] Successfully resolved entitlement details
- Loaded All Assemblies, in  0.520 seconds
'Packages/com.unity.xr.openxr/Runtime/OpenXRLoader.cs' contains partial class of Unity.Object, exactly 1 of the partial classes needs to be in a file with the same filename. This is to know the one that can be referenced from ie. GameObjects
'Packages/com.unity.xr.openxr/Runtime/OpenXRLoaderInternal.cs' contains partial class of Unity.Object, exactly 1 of the partial classes needs to be in a file with the same filename. This is to know the one that can be referenced from ie. GameObjects
Refreshing native plugins compatible for Editor in 5.05 ms, found 6 plugins.
Native extension for Android target not found
Native extension for WindowsStandalone target not found
[Package Manager] Failed to launch server process. Reason: Unity was launched with the -noUpm command-line argument
[Package Manager] Unable to send message (not connected to server process).
[Package Manager] Cannot connect to Unity Package Manager local server
[MODES] ModeService[none].Initialize
[MODES] ModeService[none].LoadModes
================ BONE ORIENTATION DIAGNOSTIC ================
UnityEngine.Debug:ExtractStackTraceNoAlloc (byte*,int,string)
UnityEngine.StackTraceUtility:ExtractStackTrace ()
UnityEngine.DebugLogHandler:Internal_Log (UnityEngine.LogType,UnityEngine.LogOption,string,UnityEngine.Object)
UnityEngine.DebugLogHandler:LogFormat (UnityEngine.LogType,UnityEngine.Object,string,object[])
UnityEngine.Logger:Log (UnityEngine.LogType,object)
UnityEngine.Debug:Log (object)
SignLoop.Editor.BoneOrientationDebugger:InspectBones () (at Assets/Scripts/Editor/BoneOrientationDebugger.cs:20)
System.Reflection.RuntimeMethodInfo:Invoke (object,System.Reflection.BindingFlags,System.Reflection.Binder,object[],System.Globalization.CultureInfo)
System.Reflection.MethodBase:Invoke (object,object[])
UnityEditor.EditorAssemblies:ProcessInitializeOnLoadMethodAttributes ()

(Filename: Assets/Scripts/Editor/BoneOrientationDebugger.cs Line: 20)

LHand: localPos=(0.00, 0.26, 0.00), localRot=(0.12, 0.09, 1.22)
UnityEngine.Debug:ExtractStackTraceNoAlloc (byte*,int,string)
UnityEngine.StackTraceUtility:ExtractStackTrace ()
UnityEngine.DebugLogHandler:Internal_Log (UnityEngine.LogType,UnityEngine.LogOption,string,UnityEngine.Object)
UnityEngine.DebugLogHandler:LogFormat (UnityEngine.LogType,UnityEngine.Object,string,object[])
UnityEngine.Logger:Log (UnityEngine.LogType,object)
UnityEngine.Debug:Log (object)
SignLoop.Editor.BoneOrientationDebugger:InspectBones () (at Assets/Scripts/Editor/BoneOrientationDebugger.cs:44)
System.Reflection.RuntimeMethodInfo:Invoke (object,System.Reflection.BindingFlags,System.Reflection.Binder,object[],System.Globalization.CultureInfo)
System.Reflection.MethodBase:Invoke (object,object[])
UnityEditor.EditorAssemblies:ProcessInitializeOnLoadMethodAttributes ()

(Filename: Assets/Scripts/Editor/BoneOrientationDebugger.cs Line: 44)

RHand: localPos=(0.00, 0.26, 0.00), localRot=(0.12, 359.91, 358.78)
UnityEngine.Debug:ExtractStackTraceNoAlloc (byte*,int,string)
UnityEngine.StackTraceUtility:ExtractStackTrace ()
UnityEngine.DebugLogHandler:Internal_Log (UnityEngine.LogType,UnityEngine.LogOption,string,UnityEngine.Object)
UnityEngine.DebugLogHandler:LogFormat (UnityEngine.LogType,UnityEngine.Object,string,object[])
UnityEngine.Logger:Log (UnityEngine.LogType,object)
UnityEngine.Debug:Log (object)
SignLoop.Editor.BoneOrientationDebugger:InspectBones () (at Assets/Scripts/Editor/BoneOrientationDebugger.cs:45)
System.Reflection.RuntimeMethodInfo:Invoke (object,System.Reflection.BindingFlags,System.Reflection.Binder,object[],System.Globalization.CultureInfo)
System.Reflection.MethodBase:Invoke (object,object[])
UnityEditor.EditorAssemblies:ProcessInitializeOnLoadMethodAttributes ()

(Filename: Assets/Scripts/Editor/BoneOrientationDebugger.cs Line: 45)

LIndex1: localEuler=(0.16, 359.26, 353.16), boneExtentDir=(0.00, 1.00, 0.00)
UnityEngine.Debug:ExtractStackTraceNoAlloc (byte*,int,string)
UnityEngine.StackTraceUtility:ExtractStackTrace ()
UnityEngine.DebugLogHandler:Internal_Log (UnityEngine.LogType,UnityEngine.LogOption,string,UnityEngine.Object)
UnityEngine.DebugLogHandler:LogFormat (UnityEngine.LogType,UnityEngine.Object,string,object[])
UnityEngine.Logger:Log (UnityEngine.LogType,object)
UnityEngine.Debug:Log (object)
SignLoop.Editor.BoneOrientationDebugger:InspectBones () (at Assets/Scripts/Editor/BoneOrientationDebugger.cs:51)
System.Reflection.RuntimeMethodInfo:Invoke (object,System.Reflection.BindingFlags,System.Reflection.Binder,object[],System.Globalization.CultureInfo)
System.Reflection.MethodBase:Invoke (object,object[])
UnityEditor.EditorAssemblies:ProcessInitializeOnLoadMethodAttributes ()

(Filename: Assets/Scripts/Editor/BoneOrientationDebugger.cs Line: 51)

RIndex1: localEuler=(0.16, 0.74, 6.84), boneExtentDir=(0.00, 1.00, 0.00)
UnityEngine.Debug:ExtractStackTraceNoAlloc (byte*,int,string)
UnityEngine.StackTraceUtility:ExtractStackTrace ()
UnityEngine.DebugLogHandler:Internal_Log (UnityEngine.LogType,UnityEngine.LogOption,string,UnityEngine.Object)
UnityEngine.DebugLogHandler:LogFormat (UnityEngine.LogType,UnityEngine.Object,string,object[])
UnityEngine.Logger:Log (UnityEngine.LogType,object)
UnityEngine.Debug:Log (object)
SignLoop.Editor.BoneOrientationDebugger:InspectBones () (at Assets/Scripts/Editor/BoneOrientationDebugger.cs:58)
System.Reflection.RuntimeMethodInfo:Invoke (object,System.Reflection.BindingFlags,System.Reflection.Binder,object[],System.Globalization.CultureInfo)
System.Reflection.MethodBase:Invoke (object,object[])
UnityEditor.EditorAssemblies:ProcessInitializeOnLoadMethodAttributes ()

(Filename: Assets/Scripts/Editor/BoneOrientationDebugger.cs Line: 58)

LThumb1: localEuler=(20.80, 2.95, 313.60), boneExtentDir=(0.00, 1.00, 0.00)
UnityEngine.Debug:ExtractStackTraceNoAlloc (byte*,int,string)
UnityEngine.StackTraceUtility:ExtractStackTrace ()
UnityEngine.DebugLogHandler:Internal_Log (UnityEngine.LogType,UnityEngine.LogOption,string,UnityEngine.Object)
UnityEngine.DebugLogHandler:LogFormat (UnityEngine.LogType,UnityEngine.Object,string,object[])
UnityEngine.Logger:Log (UnityEngine.LogType,object)
UnityEngine.Debug:Log (object)
SignLoop.Editor.BoneOrientationDebugger:InspectBones () (at Assets/Scripts/Editor/BoneOrientationDebugger.cs:65)
System.Reflection.RuntimeMethodInfo:Invoke (object,System.Reflection.BindingFlags,System.Reflection.Binder,object[],System.Globalization.CultureInfo)
System.Reflection.MethodBase:Invoke (object,object[])
UnityEditor.EditorAssemblies:ProcessInitializeOnLoadMethodAttributes ()

(Filename: Assets/Scripts/Editor/BoneOrientationDebugger.cs Line: 65)

RThumb1: localEuler=(20.80, 357.05, 46.40), boneExtentDir=(0.00, 1.00, 0.00)
UnityEngine.Debug:ExtractStackTraceNoAlloc (byte*,int,string)
UnityEngine.StackTraceUtility:ExtractStackTrace ()
UnityEngine.DebugLogHandler:Internal_Log (UnityEngine.LogType,UnityEngine.LogOption,string,UnityEngine.Object)
UnityEngine.DebugLogHandler:LogFormat (UnityEngine.LogType,UnityEngine.Object,string,object[])
UnityEngine.Logger:Log (UnityEngine.LogType,object)
UnityEngine.Debug:Log (object)
SignLoop.Editor.BoneOrientationDebugger:InspectBones () (at Assets/Scripts/Editor/BoneOrientationDebugger.cs:72)
System.Reflection.RuntimeMethodInfo:Invoke (object,System.Reflection.BindingFlags,System.Reflection.Binder,object[],System.Globalization.CultureInfo)
System.Reflection.MethodBase:Invoke (object,object[])
UnityEditor.EditorAssemblies:ProcessInitializeOnLoadMethodAttributes ()

(Filename: Assets/Scripts/Editor/BoneOrientationDebugger.cs Line: 72)

=============================================================
UnityEngine.Debug:ExtractStackTraceNoAlloc (byte*,int,string)
UnityEngine.StackTraceUtility:ExtractStackTrace ()
UnityEngine.DebugLogHandler:Internal_Log (UnityEngine.LogType,UnityEngine.LogOption,string,UnityEngine.Object)
UnityEngine.DebugLogHandler:LogFormat (UnityEngine.LogType,UnityEngine.Object,string,object[])
UnityEngine.Logger:Log (UnityEngine.LogType,object)
UnityEngine.Debug:Log (object)
SignLoop.Editor.BoneOrientationDebugger:InspectBones () (at Assets/Scripts/Editor/BoneOrientationDebugger.cs:75)
System.Reflection.RuntimeMethodInfo:Invoke (object,System.Reflection.BindingFlags,System.Reflection.Binder,object[],System.Globalization.CultureInfo)
System.Reflection.MethodBase:Invoke (object,object[])
UnityEditor.EditorAssemblies:ProcessInitializeOnLoadMethodAttributes ()

(Filename: Assets/Scripts/Editor/BoneOrientationDebugger.cs Line: 75)

ScheduleIndexationOnStartup MainProcess:False IndexOnStartup:True
Error saving file Library/StateCache/LayerSettings/9e/9ecc5c3c162a7aba29bafa64c8b94b7c.json. Error: System.IO.IOException: Sharing violation on path D:\Github\SignLoop-RL-Framework-for-Two-Way-ISL-Communication\isl-vr-unity\Library\StateCache\LayerSettings\9e\9ecc5c3c162a7aba29bafa64c8b94b7c.json
  at System.IO.FileStream..ctor (System.String path, System.IO.FileMode mode, System.IO.FileAccess access, System.IO.FileShare share, System.Int32 bufferSize, System.Boolean anonymous, System.IO.FileOptions options) [0x0019e] in <41d29b352f6a475ab1bf7c6628b82790>:0 
  at System.IO.FileStream..ctor (System.String path, System.IO.FileMode mode, System.IO.FileAccess access, System.IO.FileShare share, System.Int32 bufferSize, System.IO.FileOptions options) [0x00000] in <41d29b352f6a475ab1bf7c6628b82790>:0 
  at (wrapper remoting-invoke-with-check) System.IO.FileStream..ctor(string,System.IO.FileMode,System.IO.FileAccess,System.IO.FileShare,int,System.IO.FileOptions)
  at System.IO.StreamWriter..ctor (System.String path, System.Boolean append, System.Text.Encoding encoding, System.Int32 bufferSize) [0x00055] in <41d29b352f6a475ab1bf7c6628b82790>:0 
  at System.IO.StreamWriter..ctor (System.String path, System.Boolean append, System.Text.Encoding encoding) [0x00000] in <41d29b352f6a475ab1bf7c6628b82790>:0 
  at (wrapper remoting-invoke-with-check) System.IO.StreamWriter..ctor(string,bool,System.Text.Encoding)
  at System.IO.File.WriteAllText (System.String path, System.String contents, System.Text.Encoding encoding) [0x00034] in <41d29b352f6a475ab1bf7c6628b82790>:0 
  at UnityEditor.StateCache`1[T].SaveJsonState (System.String filePath, T value) [0x00014] in <4a6210677a0042ea8ce1fd85759d4494>:0 
  at UnityEditor.StateCache`1[T].SetState (UnityEngine.Hash128 key, T obj) [0x00059] in <4a6210677a0042ea8ce1fd85759d4494>:0 
UnityEngine.Debug:ExtractStackTraceNoAlloc (byte*,int,string)
UnityEngine.StackTraceUtility:ExtractStackTrace ()
UnityEngine.DebugLogHandler:Internal_Log (UnityEngine.LogType,UnityEngine.LogOption,string,UnityEngine.Object)
UnityEngine.DebugLogHandler:LogFormat (UnityEngine.LogType,UnityEngine.Object,string,object[])
UnityEngine.Logger:Log (UnityEngine.LogType,object)
UnityEngine.Debug:LogError (object)
UnityEditor.StateCache`1<UnityEditor.Tools/LayerSettings>:SetState (UnityEngine.Hash128,UnityEditor.Tools/LayerSettings)
UnityEditor.Tools:set_lockedLayers (int)
UnityEditor.Tools:OnEnable ()

Mono: successfully reloaded assembly
[Package Manager] Failed to launch server process. Reason: Unity was launched with the -noUpm command-line argument
[Package Manager] Unable to send message (not connected to server process).
[Package Manager] Cannot connect to Unity Package Manager local server
- Finished resetting the current domain, in  0.505 seconds
Domain Reload Profiling: 1026ms
	BeginReloadAssembly (202ms)
		ExecutionOrderSort (0ms)
		DisableScriptedObjects (14ms)
		BackupInstance (0ms)
		ReleaseScriptingObjects (0ms)
		CreateAndSetChildDomain (34ms)
	RebuildCommonClasses (35ms)
	RebuildNativeTypeToScriptingClass (10ms)
	initialDomainReloadingComplete (20ms)
	LoadAllAssembliesAndSetupDomain (254ms)
		LoadAssemblies (269ms)
		RebuildTransferFunctionScriptingTraits (0ms)
		AnalyzeDomain (95ms)
			TypeCache.Refresh (5ms)
				TypeCache.ScanAssembly (0ms)
			BuildScriptInfoCaches (82ms)
			ResolveRequiredComponents (5ms)
	FinalizeReload (505ms)
		ReleaseScriptCaches (0ms)
		RebuildScriptCaches (0ms)
		SetupLoadedEditorAssemblies (377ms)
			LogAssemblyErrors (0ms)
			InitializePlatformSupportModulesInManaged (8ms)
			SetLoadedEditorAssemblies (4ms)
			BeforeProcessingInitializeOnLoad (89ms)
			ProcessInitializeOnLoadAttributes (206ms)
			ProcessInitializeOnLoadMethodAttributes (68ms)
			AfterProcessingInitializeOnLoad (1ms)
			EditorAssembliesLoaded (0ms)
		ExecutionOrderSort2 (0ms)
		AwakeInstancesAfterBackupRestoration (18ms)
Refreshing native plugins compatible for Editor in 4.70 ms, found 6 plugins.
Preloading 0 native plugins for Editor in 0.00 ms.
Unloading 0 Unused Serialized files (Serialized files now loaded: 0)
Unloading 3386 unused Assets / (0.8 MB). Loaded Objects now: 3886.
Memory consumption went from 104.7 MB to 103.9 MB.
Total: 4.862300 ms (FindLiveObjects: 0.263300 ms CreateObjectMapping: 0.127300 ms MarkObjects: 3.797000 ms  DeleteObjects: 0.673300 ms)

Prepare: number of updated asset objects reloaded= 0
========================================================================
Received Prepare
Begin MonoManager ReloadAssembly
[Licensing::Client] Successfully resolved entitlement details
- Loaded All Assemblies, in  0.565 seconds
'Packages/com.unity.xr.openxr/Runtime/OpenXRLoader.cs' contains partial class of Unity.Object, exactly 1 of the partial classes needs to be in a file with the same filename. This is to know the one that can be referenced from ie. GameObjects
'Packages/com.unity.xr.openxr/Runtime/OpenXRLoaderInternal.cs' contains partial class of Unity.Object, exactly 1 of the partial classes needs to be in a file with the same filename. This is to know the one that can be referenced from ie. GameObjects
Refreshing native plugins compatible for Editor in 5.96 ms, found 6 plugins.
Native extension for Android target not found
Native extension for WindowsStandalone target not found
[Package Manager] Failed to launch server process. Reason: Unity was launched with the -noUpm command-line argument
[Package Manager] Unable to send message (not connected to server process).
[Package Manager] Cannot connect to Unity Package Manager local server
[MODES] ModeService[none].Initialize
[MODES] ModeService[none].LoadModes
================ BONE ORIENTATION DIAGNOSTIC ================
UnityEngine.Debug:ExtractStackTraceNoAlloc (byte*,int,string)
UnityEngine.StackTraceUtility:ExtractStackTrace ()
UnityEngine.DebugLogHandler:Internal_Log (UnityEngine.LogType,UnityEngine.LogOption,string,UnityEngine.Object)
UnityEngine.DebugLogHandler:LogFormat (UnityEngine.LogType,UnityEngine.Object,string,object[])
UnityEngine.Logger:Log (UnityEngine.LogType,object)
UnityEngine.Debug:Log (object)
SignLoop.Editor.BoneOrientationDebugger:InspectBones () (at Assets/Scripts/Editor/BoneOrientationDebugger.cs:20)
System.Reflection.RuntimeMethodInfo:Invoke (object,System.Reflection.BindingFlags,System.Reflection.Binder,object[],System.Globalization.CultureInfo)
System.Reflection.MethodBase:Invoke (object,object[])
UnityEditor.EditorAssemblies:ProcessInitializeOnLoadMethodAttributes ()

(Filename: Assets/Scripts/Editor/BoneOrientationDebugger.cs Line: 20)

LHand: localPos=(0.00, 0.26, 0.00), localRot=(0.12, 0.09, 1.22)
UnityEngine.Debug:ExtractStackTraceNoAlloc (byte*,int,string)
UnityEngine.StackTraceUtility:ExtractStackTrace ()
UnityEngine.DebugLogHandler:Internal_Log (UnityEngine.LogType,UnityEngine.LogOption,string,UnityEngine.Object)
UnityEngine.DebugLogHandler:LogFormat (UnityEngine.LogType,UnityEngine.Object,string,object[])
UnityEngine.Logger:Log (UnityEngine.LogType,object)
UnityEngine.Debug:Log (object)
SignLoop.Editor.BoneOrientationDebugger:InspectBones () (at Assets/Scripts/Editor/BoneOrientationDebugger.cs:44)
System.Reflection.RuntimeMethodInfo:Invoke (object,System.Reflection.BindingFlags,System.Reflection.Binder,object[],System.Globalization.CultureInfo)
System.Reflection.MethodBase:Invoke (object,object[])
UnityEditor.EditorAssemblies:ProcessInitializeOnLoadMethodAttributes ()

(Filename: Assets/Scripts/Editor/BoneOrientationDebugger.cs Line: 44)

RHand: localPos=(0.00, 0.26, 0.00), localRot=(0.12, 359.91, 358.78)
UnityEngine.Debug:ExtractStackTraceNoAlloc (byte*,int,string)
UnityEngine.StackTraceUtility:ExtractStackTrace ()
UnityEngine.DebugLogHandler:Internal_Log (UnityEngine.LogType,UnityEngine.LogOption,string,UnityEngine.Object)
UnityEngine.DebugLogHandler:LogFormat (UnityEngine.LogType,UnityEngine.Object,string,object[])
UnityEngine.Logger:Log (UnityEngine.LogType,object)
UnityEngine.Debug:Log (object)
SignLoop.Editor.BoneOrientationDebugger:InspectBones () (at Assets/Scripts/Editor/BoneOrientationDebugger.cs:45)
System.Reflection.RuntimeMethodInfo:Invoke (object,System.Reflection.BindingFlags,System.Reflection.Binder,object[],System.Globalization.CultureInfo)
System.Reflection.MethodBase:Invoke (object,object[])
UnityEditor.EditorAssemblies:ProcessInitializeOnLoadMethodAttributes ()

(Filename: Assets/Scripts/Editor/BoneOrientationDebugger.cs Line: 45)

LIndex1: localEuler=(0.16, 359.26, 353.16), boneExtentDir=(0.00, 1.00, 0.00)
UnityEngine.Debug:ExtractStackTraceNoAlloc (byte*,int,string)
UnityEngine.StackTraceUtility:ExtractStackTrace ()
UnityEngine.DebugLogHandler:Internal_Log (UnityEngine.LogType,UnityEngine.LogOption,string,UnityEngine.Object)
UnityEngine.DebugLogHandler:LogFormat (UnityEngine.LogType,UnityEngine.Object,string,object[])
UnityEngine.Logger:Log (UnityEngine.LogType,object)
UnityEngine.Debug:Log (object)
SignLoop.Editor.BoneOrientationDebugger:InspectBones () (at Assets/Scripts/Editor/BoneOrientationDebugger.cs:51)
System.Reflection.RuntimeMethodInfo:Invoke (object,System.Reflection.BindingFlags,System.Reflection.Binder,object[],System.Globalization.CultureInfo)
System.Reflection.MethodBase:Invoke (object,object[])
UnityEditor.EditorAssemblies:ProcessInitializeOnLoadMethodAttributes ()

(Filename: Assets/Scripts/Editor/BoneOrientationDebugger.cs Line: 51)

RIndex1: localEuler=(0.16, 0.74, 6.84), boneExtentDir=(0.00, 1.00, 0.00)
UnityEngine.Debug:ExtractStackTraceNoAlloc (byte*,int,string)
UnityEngine.StackTraceUtility:ExtractStackTrace ()
UnityEngine.DebugLogHandler:Internal_Log (UnityEngine.LogType,UnityEngine.LogOption,string,UnityEngine.Object)
UnityEngine.DebugLogHandler:LogFormat (UnityEngine.LogType,UnityEngine.Object,string,object[])
UnityEngine.Logger:Log (UnityEngine.LogType,object)
UnityEngine.Debug:Log (object)
SignLoop.Editor.BoneOrientationDebugger:InspectBones () (at Assets/Scripts/Editor/BoneOrientationDebugger.cs:58)
System.Reflection.RuntimeMethodInfo:Invoke (object,System.Reflection.BindingFlags,System.Reflection.Binder,object[],System.Globalization.CultureInfo)
System.Reflection.MethodBase:Invoke (object,object[])
UnityEditor.EditorAssemblies:ProcessInitializeOnLoadMethodAttributes ()

(Filename: Assets/Scripts/Editor/BoneOrientationDebugger.cs Line: 58)

LThumb1: localEuler=(20.80, 2.95, 313.60), boneExtentDir=(0.00, 1.00, 0.00)
UnityEngine.Debug:ExtractStackTraceNoAlloc (byte*,int,string)
UnityEngine.StackTraceUtility:ExtractStackTrace ()
UnityEngine.DebugLogHandler:Internal_Log (UnityEngine.LogType,UnityEngine.LogOption,string,UnityEngine.Object)
UnityEngine.DebugLogHandler:LogFormat (UnityEngine.LogType,UnityEngine.Object,string,object[])
UnityEngine.Logger:Log (UnityEngine.LogType,object)
UnityEngine.Debug:Log (object)
SignLoop.Editor.BoneOrientationDebugger:InspectBones () (at Assets/Scripts/Editor/BoneOrientationDebugger.cs:65)
System.Reflection.RuntimeMethodInfo:Invoke (object,System.Reflection.BindingFlags,System.Reflection.Binder,object[],System.Globalization.CultureInfo)
System.Reflection.MethodBase:Invoke (object,object[])
UnityEditor.EditorAssemblies:ProcessInitializeOnLoadMethodAttributes ()

(Filename: Assets/Scripts/Editor/BoneOrientationDebugger.cs Line: 65)

RThumb1: localEuler=(20.80, 357.05, 46.40), boneExtentDir=(0.00, 1.00, 0.00)
UnityEngine.Debug:ExtractStackTraceNoAlloc (byte*,int,string)
UnityEngine.StackTraceUtility:ExtractStackTrace ()
UnityEngine.DebugLogHandler:Internal_Log (UnityEngine.LogType,UnityEngine.LogOption,string,UnityEngine.Object)
UnityEngine.DebugLogHandler:LogFormat (UnityEngine.LogType,UnityEngine.Object,string,object[])
UnityEngine.Logger:Log (UnityEngine.LogType,object)
UnityEngine.Debug:Log (object)
SignLoop.Editor.BoneOrientationDebugger:InspectBones () (at Assets/Scripts/Editor/BoneOrientationDebugger.cs:72)
System.Reflection.RuntimeMethodInfo:Invoke (object,System.Reflection.BindingFlags,System.Reflection.Binder,object[],System.Globalization.CultureInfo)
System.Reflection.MethodBase:Invoke (object,object[])
UnityEditor.EditorAssemblies:ProcessInitializeOnLoadMethodAttributes ()

(Filename: Assets/Scripts/Editor/BoneOrientationDebugger.cs Line: 72)

=============================================================
UnityEngine.Debug:ExtractStackTraceNoAlloc (byte*,int,string)
UnityEngine.StackTraceUtility:ExtractStackTrace ()
UnityEngine.DebugLogHandler:Internal_Log (UnityEngine.LogType,UnityEngine.LogOption,string,UnityEngine.Object)
UnityEngine.DebugLogHandler:LogFormat (UnityEngine.LogType,UnityEngine.Object,string,object[])
UnityEngine.Logger:Log (UnityEngine.LogType,object)
UnityEngine.Debug:Log (object)
SignLoop.Editor.BoneOrientationDebugger:InspectBones () (at Assets/Scripts/Editor/BoneOrientationDebugger.cs:75)
System.Reflection.RuntimeMethodInfo:Invoke (object,System.Reflection.BindingFlags,System.Reflection.Binder,object[],System.Globalization.CultureInfo)
System.Reflection.MethodBase:Invoke (object,object[])
UnityEditor.EditorAssemblies:ProcessInitializeOnLoadMethodAttributes ()

(Filename: Assets/Scripts/Editor/BoneOrientationDebugger.cs Line: 75)

ScheduleIndexationOnStartup MainProcess:False IndexOnStartup:True
Error saving file Library/StateCache/LayerSettings/9e/9ecc5c3c162a7aba29bafa64c8b94b7c.json. Error: System.IO.IOException: Sharing violation on path D:\Github\SignLoop-RL-Framework-for-Two-Way-ISL-Communication\isl-vr-unity\Library\StateCache\LayerSettings\9e\9ecc5c3c162a7aba29bafa64c8b94b7c.json
  at System.IO.FileStream..ctor (System.String path, System.IO.FileMode mode, System.IO.FileAccess access, System.IO.FileShare share, System.Int32 bufferSize, System.Boolean anonymous, System.IO.FileOptions options) [0x0019e] in <41d29b352f6a475ab1bf7c6628b82790>:0 
  at System.IO.FileStream..ctor (System.String path, System.IO.FileMode mode, System.IO.FileAccess access, System.IO.FileShare share, System.Int32 bufferSize, System.IO.FileOptions options) [0x00000] in <41d29b352f6a475ab1bf7c6628b82790>:0 
  at (wrapper remoting-invoke-with-check) System.IO.FileStream..ctor(string,System.IO.FileMode,System.IO.FileAccess,System.IO.FileShare,int,System.IO.FileOptions)
  at System.IO.StreamWriter..ctor (System.String path, System.Boolean append, System.Text.Encoding encoding, System.Int32 bufferSize) [0x00055] in <41d29b352f6a475ab1bf7c6628b82790>:0 
  at System.IO.StreamWriter..ctor (System.String path, System.Boolean append, System.Text.Encoding encoding) [0x00000] in <41d29b352f6a475ab1bf7c6628b82790>:0 
  at (wrapper remoting-invoke-with-check) System.IO.StreamWriter..ctor(string,bool,System.Text.Encoding)
  at System.IO.File.WriteAllText (System.String path, System.String contents, System.Text.Encoding encoding) [0x00034] in <41d29b352f6a475ab1bf7c6628b82790>:0 
  at UnityEditor.StateCache`1[T].SaveJsonState (System.String filePath, T value) [0x00014] in <4a6210677a0042ea8ce1fd85759d4494>:0 
  at UnityEditor.StateCache`1[T].SetState (UnityEngine.Hash128 key, T obj) [0x00059] in <4a6210677a0042ea8ce1fd85759d4494>:0 
UnityEngine.Debug:ExtractStackTraceNoAlloc (byte*,int,string)
UnityEngine.StackTraceUtility:ExtractStackTrace ()
UnityEngine.DebugLogHandler:Internal_Log (UnityEngine.LogType,UnityEngine.LogOption,string,UnityEngine.Object)
UnityEngine.DebugLogHandler:LogFormat (UnityEngine.LogType,UnityEngine.Object,string,object[])
UnityEngine.Logger:Log (UnityEngine.LogType,object)
UnityEngine.Debug:LogError (object)
UnityEditor.StateCache`1<UnityEditor.Tools/LayerSettings>:SetState (UnityEngine.Hash128,UnityEditor.Tools/LayerSettings)
UnityEditor.Tools:set_lockedLayers (int)
UnityEditor.Tools:OnEnable ()

Mono: successfully reloaded assembly
[Package Manager] Failed to launch server process. Reason: Unity was launched with the -noUpm command-line argument
[Package Manager] Unable to send message (not connected to server process).
[Package Manager] Cannot connect to Unity Package Manager local server
- Finished resetting the current domain, in  0.512 seconds
Domain Reload Profiling: 1078ms
	BeginReloadAssembly (222ms)
		ExecutionOrderSort (0ms)
		DisableScriptedObjects (21ms)
		BackupInstance (0ms)
		ReleaseScriptingObjects (0ms)
		CreateAndSetChildDomain (39ms)
	RebuildCommonClasses (33ms)
	RebuildNativeTypeToScriptingClass (11ms)
	initialDomainReloadingComplete (29ms)
	LoadAllAssembliesAndSetupDomain (271ms)
		LoadAssemblies (268ms)
		RebuildTransferFunctionScriptingTraits (0ms)
		AnalyzeDomain (115ms)
			TypeCache.Refresh (7ms)
				TypeCache.ScanAssembly (0ms)
			BuildScriptInfoCaches (101ms)
			ResolveRequiredComponents (5ms)
	FinalizeReload (512ms)
		ReleaseScriptCaches (0ms)
		RebuildScriptCaches (0ms)
		SetupLoadedEditorAssemblies (383ms)
			LogAssemblyErrors (0ms)
			InitializePlatformSupportModulesInManaged (8ms)
			SetLoadedEditorAssemblies (4ms)
			BeforeProcessingInitializeOnLoad (96ms)
			ProcessInitializeOnLoadAttributes (205ms)
			ProcessInitializeOnLoadMethodAttributes (69ms)
			AfterProcessingInitializeOnLoad (1ms)
			EditorAssembliesLoaded (0ms)
		ExecutionOrderSort2 (0ms)
		AwakeInstancesAfterBackupRestoration (17ms)
Refreshing native plugins compatible for Editor in 7.66 ms, found 6 plugins.
Preloading 0 native plugins for Editor in 0.00 ms.
Unloading 0 Unused Serialized files (Serialized files now loaded: 0)
Unloading 3386 unused Assets / (0.9 MB). Loaded Objects now: 3887.
Memory consumption went from 104.9 MB to 104.0 MB.
Total: 5.152000 ms (FindLiveObjects: 0.309100 ms CreateObjectMapping: 0.306000 ms MarkObjects: 3.862600 ms  DeleteObjects: 0.672800 ms)

Prepare: number of updated asset objects reloaded= 0
========================================================================
Received Prepare
Begin MonoManager ReloadAssembly
- Loaded All Assemblies, in  0.603 seconds
'Packages/com.unity.xr.openxr/Runtime/OpenXRLoader.cs' contains partial class of Unity.Object, exactly 1 of the partial classes needs to be in a file with the same filename. This is to know the one that can be referenced from ie. GameObjects
'Packages/com.unity.xr.openxr/Runtime/OpenXRLoaderInternal.cs' contains partial class of Unity.Object, exactly 1 of the partial classes needs to be in a file with the same filename. This is to know the one that can be referenced from ie. GameObjects
Refreshing native plugins compatible for Editor in 6.97 ms, found 6 plugins.
Native extension for Android target not found
Native extension for WindowsStandalone target not found
[Package Manager] Failed to launch server process. Reason: Unity was launched with the -noUpm command-line argument
[Package Manager] Unable to send message (not connected to server process).
[Package Manager] Cannot connect to Unity Package Manager local server
[MODES] ModeService[none].Initialize
[MODES] ModeService[none].LoadModes
================ BONE ORIENTATION DIAGNOSTIC ================
UnityEngine.Debug:ExtractStackTraceNoAlloc (byte*,int,string)
UnityEngine.StackTraceUtility:ExtractStackTrace ()
UnityEngine.DebugLogHandler:Internal_Log (UnityEngine.LogType,UnityEngine.LogOption,string,UnityEngine.Object)
UnityEngine.DebugLogHandler:LogFormat (UnityEngine.LogType,UnityEngine.Object,string,object[])
UnityEngine.Logger:Log (UnityEngine.LogType,object)
UnityEngine.Debug:Log (object)
SignLoop.Editor.BoneOrientationDebugger:InspectBones () (at Assets/Scripts/Editor/BoneOrientationDebugger.cs:20)
System.Reflection.RuntimeMethodInfo:Invoke (object,System.Reflection.BindingFlags,System.Reflection.Binder,object[],System.Globalization.CultureInfo)
System.Reflection.MethodBase:Invoke (object,object[])
UnityEditor.EditorAssemblies:ProcessInitializeOnLoadMethodAttributes ()

(Filename: Assets/Scripts/Editor/BoneOrientationDebugger.cs Line: 20)

LHand: localPos=(0.00, 0.26, 0.00), localRot=(0.12, 0.09, 1.22)
UnityEngine.Debug:ExtractStackTraceNoAlloc (byte*,int,string)
UnityEngine.StackTraceUtility:ExtractStackTrace ()
UnityEngine.DebugLogHandler:Internal_Log (UnityEngine.LogType,UnityEngine.LogOption,string,UnityEngine.Object)
UnityEngine.DebugLogHandler:LogFormat (UnityEngine.LogType,UnityEngine.Object,string,object[])
UnityEngine.Logger:Log (UnityEngine.LogType,object)
UnityEngine.Debug:Log (object)
SignLoop.Editor.BoneOrientationDebugger:InspectBones () (at Assets/Scripts/Editor/BoneOrientationDebugger.cs:44)
System.Reflection.RuntimeMethodInfo:Invoke (object,System.Reflection.BindingFlags,System.Reflection.Binder,object[],System.Globalization.CultureInfo)
System.Reflection.MethodBase:Invoke (object,object[])
UnityEditor.EditorAssemblies:ProcessInitializeOnLoadMethodAttributes ()

(Filename: Assets/Scripts/Editor/BoneOrientationDebugger.cs Line: 44)

RHand: localPos=(0.00, 0.26, 0.00), localRot=(0.12, 359.91, 358.78)
UnityEngine.Debug:ExtractStackTraceNoAlloc (byte*,int,string)
UnityEngine.StackTraceUtility:ExtractStackTrace ()
UnityEngine.DebugLogHandler:Internal_Log (UnityEngine.LogType,UnityEngine.LogOption,string,UnityEngine.Object)
UnityEngine.DebugLogHandler:LogFormat (UnityEngine.LogType,UnityEngine.Object,string,object[])
UnityEngine.Logger:Log (UnityEngine.LogType,object)
UnityEngine.Debug:Log (object)
SignLoop.Editor.BoneOrientationDebugger:InspectBones () (at Assets/Scripts/Editor/BoneOrientationDebugger.cs:45)
System.Reflection.RuntimeMethodInfo:Invoke (object,System.Reflection.BindingFlags,System.Reflection.Binder,object[],System.Globalization.CultureInfo)
System.Reflection.MethodBase:Invoke (object,object[])
UnityEditor.EditorAssemblies:ProcessInitializeOnLoadMethodAttributes ()

(Filename: Assets/Scripts/Editor/BoneOrientationDebugger.cs Line: 45)

LIndex1: localEuler=(0.16, 359.26, 353.16), boneExtentDir=(0.00, 1.00, 0.00)
UnityEngine.Debug:ExtractStackTraceNoAlloc (byte*,int,string)
UnityEngine.StackTraceUtility:ExtractStackTrace ()
UnityEngine.DebugLogHandler:Internal_Log (UnityEngine.LogType,UnityEngine.LogOption,string,UnityEngine.Object)
UnityEngine.DebugLogHandler:LogFormat (UnityEngine.LogType,UnityEngine.Object,string,object[])
UnityEngine.Logger:Log (UnityEngine.LogType,object)
UnityEngine.Debug:Log (object)
SignLoop.Editor.BoneOrientationDebugger:InspectBones () (at Assets/Scripts/Editor/BoneOrientationDebugger.cs:51)
System.Reflection.RuntimeMethodInfo:Invoke (object,System.Reflection.BindingFlags,System.Reflection.Binder,object[],System.Globalization.CultureInfo)
System.Reflection.MethodBase:Invoke (object,object[])
UnityEditor.EditorAssemblies:ProcessInitializeOnLoadMethodAttributes ()

(Filename: Assets/Scripts/Editor/BoneOrientationDebugger.cs Line: 51)

RIndex1: localEuler=(0.16, 0.74, 6.84), boneExtentDir=(0.00, 1.00, 0.00)
UnityEngine.Debug:ExtractStackTraceNoAlloc (byte*,int,string)
UnityEngine.StackTraceUtility:ExtractStackTrace ()
UnityEngine.DebugLogHandler:Internal_Log (UnityEngine.LogType,UnityEngine.LogOption,string,UnityEngine.Object)
UnityEngine.DebugLogHandler:LogFormat (UnityEngine.LogType,UnityEngine.Object,string,object[])
UnityEngine.Logger:Log (UnityEngine.LogType,object)
UnityEngine.Debug:Log (object)
SignLoop.Editor.BoneOrientationDebugger:InspectBones () (at Assets/Scripts/Editor/BoneOrientationDebugger.cs:58)
System.Reflection.RuntimeMethodInfo:Invoke (object,System.Reflection.BindingFlags,System.Reflection.Binder,object[],System.Globalization.CultureInfo)
System.Reflection.MethodBase:Invoke (object,object[])
UnityEditor.EditorAssemblies:ProcessInitializeOnLoadMethodAttributes ()

(Filename: Assets/Scripts/Editor/BoneOrientationDebugger.cs Line: 58)

LThumb1: localEuler=(20.80, 2.95, 313.60), boneExtentDir=(0.00, 1.00, 0.00)
UnityEngine.Debug:ExtractStackTraceNoAlloc (byte*,int,string)
UnityEngine.StackTraceUtility:ExtractStackTrace ()
UnityEngine.DebugLogHandler:Internal_Log (UnityEngine.LogType,UnityEngine.LogOption,string,UnityEngine.Object)
UnityEngine.DebugLogHandler:LogFormat (UnityEngine.LogType,UnityEngine.Object,string,object[])
UnityEngine.Logger:Log (UnityEngine.LogType,object)
UnityEngine.Debug:Log (object)
SignLoop.Editor.BoneOrientationDebugger:InspectBones () (at Assets/Scripts/Editor/BoneOrientationDebugger.cs:65)
System.Reflection.RuntimeMethodInfo:Invoke (object,System.Reflection.BindingFlags,System.Reflection.Binder,object[],System.Globalization.CultureInfo)
System.Reflection.MethodBase:Invoke (object,object[])
UnityEditor.EditorAssemblies:ProcessInitializeOnLoadMethodAttributes ()

(Filename: Assets/Scripts/Editor/BoneOrientationDebugger.cs Line: 65)

RThumb1: localEuler=(20.80, 357.05, 46.40), boneExtentDir=(0.00, 1.00, 0.00)
UnityEngine.Debug:ExtractStackTraceNoAlloc (byte*,int,string)
UnityEngine.StackTraceUtility:ExtractStackTrace ()
UnityEngine.DebugLogHandler:Internal_Log (UnityEngine.LogType,UnityEngine.LogOption,string,UnityEngine.Object)
UnityEngine.DebugLogHandler:LogFormat (UnityEngine.LogType,UnityEngine.Object,string,object[])
UnityEngine.Logger:Log (UnityEngine.LogType,object)
UnityEngine.Debug:Log (object)
SignLoop.Editor.BoneOrientationDebugger:InspectBones () (at Assets/Scripts/Editor/BoneOrientationDebugger.cs:72)
System.Reflection.RuntimeMethodInfo:Invoke (object,System.Reflection.BindingFlags,System.Reflection.Binder,object[],System.Globalization.CultureInfo)
System.Reflection.MethodBase:Invoke (object,object[])
UnityEditor.EditorAssemblies:ProcessInitializeOnLoadMethodAttributes ()

(Filename: Assets/Scripts/Editor/BoneOrientationDebugger.cs Line: 72)

=============================================================
UnityEngine.Debug:ExtractStackTraceNoAlloc (byte*,int,string)
UnityEngine.StackTraceUtility:ExtractStackTrace ()
UnityEngine.DebugLogHandler:Internal_Log (UnityEngine.LogType,UnityEngine.LogOption,string,UnityEngine.Object)
UnityEngine.DebugLogHandler:LogFormat (UnityEngine.LogType,UnityEngine.Object,string,object[])
UnityEngine.Logger:Log (UnityEngine.LogType,object)
UnityEngine.Debug:Log (object)
SignLoop.Editor.BoneOrientationDebugger:InspectBones () (at Assets/Scripts/Editor/BoneOrientationDebugger.cs:75)
System.Reflection.RuntimeMethodInfo:Invoke (object,System.Reflection.BindingFlags,System.Reflection.Binder,object[],System.Globalization.CultureInfo)
System.Reflection.MethodBase:Invoke (object,object[])
UnityEditor.EditorAssemblies:ProcessInitializeOnLoadMethodAttributes ()

(Filename: Assets/Scripts/Editor/BoneOrientationDebugger.cs Line: 75)

ScheduleIndexationOnStartup MainProcess:False IndexOnStartup:True
Mono: successfully reloaded assembly
[Package Manager] Failed to launch server process. Reason: Unity was launched with the -noUpm command-line argument
[Package Manager] Unable to send message (not connected to server process).
[Package Manager] Cannot connect to Unity Package Manager local server
- Finished resetting the current domain, in  0.587 seconds
Domain Reload Profiling: 1190ms
	BeginReloadAssembly (239ms)
		ExecutionOrderSort (0ms)
		DisableScriptedObjects (22ms)
		BackupInstance (0ms)
		ReleaseScriptingObjects (0ms)
		CreateAndSetChildDomain (44ms)
	RebuildCommonClasses (33ms)
	RebuildNativeTypeToScriptingClass (18ms)
	initialDomainReloadingComplete (31ms)
	LoadAllAssembliesAndSetupDomain (283ms)
		LoadAssemblies (308ms)
		RebuildTransferFunctionScriptingTraits (0ms)
		AnalyzeDomain (105ms)
			TypeCache.Refresh (5ms)
				TypeCache.ScanAssembly (0ms)
			BuildScriptInfoCaches (90ms)
			ResolveRequiredComponents (6ms)
	FinalizeReload (587ms)
		ReleaseScriptCaches (0ms)
		RebuildScriptCaches (0ms)
		SetupLoadedEditorAssemblies (444ms)
			LogAssemblyErrors (0ms)
			InitializePlatformSupportModulesInManaged (8ms)
			SetLoadedEditorAssemblies (4ms)
			BeforeProcessingInitializeOnLoad (105ms)
			ProcessInitializeOnLoadAttributes (233ms)
			ProcessInitializeOnLoadMethodAttributes (92ms)
			AfterProcessingInitializeOnLoad (2ms)
			EditorAssembliesLoaded (0ms)
		ExecutionOrderSort2 (0ms)
		AwakeInstancesAfterBackupRestoration (17ms)
Refreshing native plugins compatible for Editor in 7.31 ms, found 6 plugins.
Preloading 0 native plugins for Editor in 0.00 ms.
Unloading 0 Unused Serialized files (Serialized files now loaded: 0)
Unloading 3386 unused Assets / (0.8 MB). Loaded Objects now: 3888.
Memory consumption went from 105.2 MB to 104.4 MB.
Total: 6.085900 ms (FindLiveObjects: 0.258000 ms CreateObjectMapping: 0.136100 ms MarkObjects: 4.756700 ms  DeleteObjects: 0.933200 ms)

Prepare: number of updated asset objects reloaded= 0
========================================================================
Received Prepare
Begin MonoManager ReloadAssembly
[Licensing::Client] Successfully resolved entitlement details
- Loaded All Assemblies, in  0.524 seconds
'Packages/com.unity.xr.openxr/Runtime/OpenXRLoader.cs' contains partial class of Unity.Object, exactly 1 of the partial classes needs to be in a file with the same filename. This is to know the one that can be referenced from ie. GameObjects
'Packages/com.unity.xr.openxr/Runtime/OpenXRLoaderInternal.cs' contains partial class of Unity.Object, exactly 1 of the partial classes needs to be in a file with the same filename. This is to know the one that can be referenced from ie. GameObjects
Refreshing native plugins compatible for Editor in 5.58 ms, found 6 plugins.
Native extension for Android target not found
Native extension for WindowsStandalone target not found
[Package Manager] Failed to launch server process. Reason: Unity was launched with the -noUpm command-line argument
[Package Manager] Unable to send message (not connected to server process).
[Package Manager] Cannot connect to Unity Package Manager local server
[MODES] ModeService[none].Initialize
[MODES] ModeService[none].LoadModes
================ BONE ORIENTATION DIAGNOSTIC ================
UnityEngine.Debug:ExtractStackTraceNoAlloc (byte*,int,string)
UnityEngine.StackTraceUtility:ExtractStackTrace ()
UnityEngine.DebugLogHandler:Internal_Log (UnityEngine.LogType,UnityEngine.LogOption,string,UnityEngine.Object)
UnityEngine.DebugLogHandler:LogFormat (UnityEngine.LogType,UnityEngine.Object,string,object[])
UnityEngine.Logger:Log (UnityEngine.LogType,object)
UnityEngine.Debug:Log (object)
SignLoop.Editor.BoneOrientationDebugger:InspectBones () (at Assets/Scripts/Editor/BoneOrientationDebugger.cs:20)
System.Reflection.RuntimeMethodInfo:Invoke (object,System.Reflection.BindingFlags,System.Reflection.Binder,object[],System.Globalization.CultureInfo)
System.Reflection.MethodBase:Invoke (object,object[])
UnityEditor.EditorAssemblies:ProcessInitializeOnLoadMethodAttributes ()

(Filename: Assets/Scripts/Editor/BoneOrientationDebugger.cs Line: 20)

LHand: localPos=(0.00, 0.26, 0.00), localRot=(0.12, 0.09, 1.22)
UnityEngine.Debug:ExtractStackTraceNoAlloc (byte*,int,string)
UnityEngine.StackTraceUtility:ExtractStackTrace ()
UnityEngine.DebugLogHandler:Internal_Log (UnityEngine.LogType,UnityEngine.LogOption,string,UnityEngine.Object)
UnityEngine.DebugLogHandler:LogFormat (UnityEngine.LogType,UnityEngine.Object,string,object[])
UnityEngine.Logger:Log (UnityEngine.LogType,object)
UnityEngine.Debug:Log (object)
SignLoop.Editor.BoneOrientationDebugger:InspectBones () (at Assets/Scripts/Editor/BoneOrientationDebugger.cs:44)
System.Reflection.RuntimeMethodInfo:Invoke (object,System.Reflection.BindingFlags,System.Reflection.Binder,object[],System.Globalization.CultureInfo)
System.Reflection.MethodBase:Invoke (object,object[])
UnityEditor.EditorAssemblies:ProcessInitializeOnLoadMethodAttributes ()

(Filename: Assets/Scripts/Editor/BoneOrientationDebugger.cs Line: 44)

RHand: localPos=(0.00, 0.26, 0.00), localRot=(0.12, 359.91, 358.78)
UnityEngine.Debug:ExtractStackTraceNoAlloc (byte*,int,string)
UnityEngine.StackTraceUtility:ExtractStackTrace ()
UnityEngine.DebugLogHandler:Internal_Log (UnityEngine.LogType,UnityEngine.LogOption,string,UnityEngine.Object)
UnityEngine.DebugLogHandler:LogFormat (UnityEngine.LogType,UnityEngine.Object,string,object[])
UnityEngine.Logger:Log (UnityEngine.LogType,object)
UnityEngine.Debug:Log (object)
SignLoop.Editor.BoneOrientationDebugger:InspectBones () (at Assets/Scripts/Editor/BoneOrientationDebugger.cs:45)
System.Reflection.RuntimeMethodInfo:Invoke (object,System.Reflection.BindingFlags,System.Reflection.Binder,object[],System.Globalization.CultureInfo)
System.Reflection.MethodBase:Invoke (object,object[])
UnityEditor.EditorAssemblies:ProcessInitializeOnLoadMethodAttributes ()

(Filename: Assets/Scripts/Editor/BoneOrientationDebugger.cs Line: 45)

LIndex1: localEuler=(0.16, 359.26, 353.16), boneExtentDir=(0.00, 1.00, 0.00)
UnityEngine.Debug:ExtractStackTraceNoAlloc (byte*,int,string)
UnityEngine.StackTraceUtility:ExtractStackTrace ()
UnityEngine.DebugLogHandler:Internal_Log (UnityEngine.LogType,UnityEngine.LogOption,string,UnityEngine.Object)
UnityEngine.DebugLogHandler:LogFormat (UnityEngine.LogType,UnityEngine.Object,string,object[])
UnityEngine.Logger:Log (UnityEngine.LogType,object)
UnityEngine.Debug:Log (object)
SignLoop.Editor.BoneOrientationDebugger:InspectBones () (at Assets/Scripts/Editor/BoneOrientationDebugger.cs:51)
System.Reflection.RuntimeMethodInfo:Invoke (object,System.Reflection.BindingFlags,System.Reflection.Binder,object[],System.Globalization.CultureInfo)
System.Reflection.MethodBase:Invoke (object,object[])
UnityEditor.EditorAssemblies:ProcessInitializeOnLoadMethodAttributes ()

(Filename: Assets/Scripts/Editor/BoneOrientationDebugger.cs Line: 51)

RIndex1: localEuler=(0.16, 0.74, 6.84), boneExtentDir=(0.00, 1.00, 0.00)
UnityEngine.Debug:ExtractStackTraceNoAlloc (byte*,int,string)
UnityEngine.StackTraceUtility:ExtractStackTrace ()
UnityEngine.DebugLogHandler:Internal_Log (UnityEngine.LogType,UnityEngine.LogOption,string,UnityEngine.Object)
UnityEngine.DebugLogHandler:LogFormat (UnityEngine.LogType,UnityEngine.Object,string,object[])
UnityEngine.Logger:Log (UnityEngine.LogType,object)
UnityEngine.Debug:Log (object)
SignLoop.Editor.BoneOrientationDebugger:InspectBones () (at Assets/Scripts/Editor/BoneOrientationDebugger.cs:58)
System.Reflection.RuntimeMethodInfo:Invoke (object,System.Reflection.BindingFlags,System.Reflection.Binder,object[],System.Globalization.CultureInfo)
System.Reflection.MethodBase:Invoke (object,object[])
UnityEditor.EditorAssemblies:ProcessInitializeOnLoadMethodAttributes ()

(Filename: Assets/Scripts/Editor/BoneOrientationDebugger.cs Line: 58)

LThumb1: localEuler=(20.80, 2.95, 313.60), boneExtentDir=(0.00, 1.00, 0.00)
UnityEngine.Debug:ExtractStackTraceNoAlloc (byte*,int,string)
UnityEngine.StackTraceUtility:ExtractStackTrace ()
UnityEngine.DebugLogHandler:Internal_Log (UnityEngine.LogType,UnityEngine.LogOption,string,UnityEngine.Object)
UnityEngine.DebugLogHandler:LogFormat (UnityEngine.LogType,UnityEngine.Object,string,object[])
UnityEngine.Logger:Log (UnityEngine.LogType,object)
UnityEngine.Debug:Log (object)
SignLoop.Editor.BoneOrientationDebugger:InspectBones () (at Assets/Scripts/Editor/BoneOrientationDebugger.cs:65)
System.Reflection.RuntimeMethodInfo:Invoke (object,System.Reflection.BindingFlags,System.Reflection.Binder,object[],System.Globalization.CultureInfo)
System.Reflection.MethodBase:Invoke (object,object[])
UnityEditor.EditorAssemblies:ProcessInitializeOnLoadMethodAttributes ()

(Filename: Assets/Scripts/Editor/BoneOrientationDebugger.cs Line: 65)

RThumb1: localEuler=(20.80, 357.05, 46.40), boneExtentDir=(0.00, 1.00, 0.00)
UnityEngine.Debug:ExtractStackTraceNoAlloc (byte*,int,string)
UnityEngine.StackTraceUtility:ExtractStackTrace ()
UnityEngine.DebugLogHandler:Internal_Log (UnityEngine.LogType,UnityEngine.LogOption,string,UnityEngine.Object)
UnityEngine.DebugLogHandler:LogFormat (UnityEngine.LogType,UnityEngine.Object,string,object[])
UnityEngine.Logger:Log (UnityEngine.LogType,object)
UnityEngine.Debug:Log (object)
SignLoop.Editor.BoneOrientationDebugger:InspectBones () (at Assets/Scripts/Editor/BoneOrientationDebugger.cs:72)
System.Reflection.RuntimeMethodInfo:Invoke (object,System.Reflection.BindingFlags,System.Reflection.Binder,object[],System.Globalization.CultureInfo)
System.Reflection.MethodBase:Invoke (object,object[])
UnityEditor.EditorAssemblies:ProcessInitializeOnLoadMethodAttributes ()

(Filename: Assets/Scripts/Editor/BoneOrientationDebugger.cs Line: 72)

=============================================================
UnityEngine.Debug:ExtractStackTraceNoAlloc (byte*,int,string)
UnityEngine.StackTraceUtility:ExtractStackTrace ()
UnityEngine.DebugLogHandler:Internal_Log (UnityEngine.LogType,UnityEngine.LogOption,string,UnityEngine.Object)
UnityEngine.DebugLogHandler:LogFormat (UnityEngine.LogType,UnityEngine.Object,string,object[])
UnityEngine.Logger:Log (UnityEngine.LogType,object)
UnityEngine.Debug:Log (object)
SignLoop.Editor.BoneOrientationDebugger:InspectBones () (at Assets/Scripts/Editor/BoneOrientationDebugger.cs:75)
System.Reflection.RuntimeMethodInfo:Invoke (object,System.Reflection.BindingFlags,System.Reflection.Binder,object[],System.Globalization.CultureInfo)
System.Reflection.MethodBase:Invoke (object,object[])
UnityEditor.EditorAssemblies:ProcessInitializeOnLoadMethodAttributes ()

(Filename: Assets/Scripts/Editor/BoneOrientationDebugger.cs Line: 75)

ScheduleIndexationOnStartup MainProcess:False IndexOnStartup:True
Error saving file Library/StateCache/LayerSettings/9e/9ecc5c3c162a7aba29bafa64c8b94b7c.json. Error: System.IO.IOException: Sharing violation on path D:\Github\SignLoop-RL-Framework-for-Two-Way-ISL-Communication\isl-vr-unity\Library\StateCache\LayerSettings\9e\9ecc5c3c162a7aba29bafa64c8b94b7c.json
  at System.IO.FileStream..ctor (System.String path, System.IO.FileMode mode, System.IO.FileAccess access, System.IO.FileShare share, System.Int32 bufferSize, System.Boolean anonymous, System.IO.FileOptions options) [0x0019e] in <41d29b352f6a475ab1bf7c6628b82790>:0 
  at System.IO.FileStream..ctor (System.String path, System.IO.FileMode mode, System.IO.FileAccess access, System.IO.FileShare share, System.Int32 bufferSize, System.IO.FileOptions options) [0x00000] in <41d29b352f6a475ab1bf7c6628b82790>:0 
  at (wrapper remoting-invoke-with-check) System.IO.FileStream..ctor(string,System.IO.FileMode,System.IO.FileAccess,System.IO.FileShare,int,System.IO.FileOptions)
  at System.IO.StreamWriter..ctor (System.String path, System.Boolean append, System.Text.Encoding encoding, System.Int32 bufferSize) [0x00055] in <41d29b352f6a475ab1bf7c6628b82790>:0 
  at System.IO.StreamWriter..ctor (System.String path, System.Boolean append, System.Text.Encoding encoding) [0x00000] in <41d29b352f6a475ab1bf7c6628b82790>:0 
  at (wrapper remoting-invoke-with-check) System.IO.StreamWriter..ctor(string,bool,System.Text.Encoding)
  at System.IO.File.WriteAllText (System.String path, System.String contents, System.Text.Encoding encoding) [0x00034] in <41d29b352f6a475ab1bf7c6628b82790>:0 
  at UnityEditor.StateCache`1[T].SaveJsonState (System.String filePath, T value) [0x00014] in <4a6210677a0042ea8ce1fd85759d4494>:0 
  at UnityEditor.StateCache`1[T].SetState (UnityEngine.Hash128 key, T obj) [0x00059] in <4a6210677a0042ea8ce1fd85759d4494>:0 
UnityEngine.Debug:ExtractStackTraceNoAlloc (byte*,int,string)
UnityEngine.StackTraceUtility:ExtractStackTrace ()
UnityEngine.DebugLogHandler:Internal_Log (UnityEngine.LogType,UnityEngine.LogOption,string,UnityEngine.Object)
UnityEngine.DebugLogHandler:LogFormat (UnityEngine.LogType,UnityEngine.Object,string,object[])
UnityEngine.Logger:Log (UnityEngine.LogType,object)
UnityEngine.Debug:LogError (object)
UnityEditor.StateCache`1<UnityEditor.Tools/LayerSettings>:SetState (UnityEngine.Hash128,UnityEditor.Tools/LayerSettings)
UnityEditor.Tools:set_lockedLayers (int)
UnityEditor.Tools:OnEnable ()

Mono: successfully reloaded assembly
[Package Manager] Failed to launch server process. Reason: Unity was launched with the -noUpm command-line argument
[Package Manager] Unable to send message (not connected to server process).
[Package Manager] Cannot connect to Unity Package Manager local server
- Finished resetting the current domain, in  0.530 seconds
Domain Reload Profiling: 1055ms
	BeginReloadAssembly (218ms)
		ExecutionOrderSort (0ms)
		DisableScriptedObjects (27ms)
		BackupInstance (0ms)
		ReleaseScriptingObjects (0ms)
		CreateAndSetChildDomain (31ms)
	RebuildCommonClasses (37ms)
	RebuildNativeTypeToScriptingClass (11ms)
	initialDomainReloadingComplete (22ms)
	LoadAllAssembliesAndSetupDomain (238ms)
		LoadAssemblies (261ms)
		RebuildTransferFunctionScriptingTraits (0ms)
		AnalyzeDomain (92ms)
			TypeCache.Refresh (5ms)
				TypeCache.ScanAssembly (0ms)
			BuildScriptInfoCaches (80ms)
			ResolveRequiredComponents (5ms)
	FinalizeReload (530ms)
		ReleaseScriptCaches (0ms)
		RebuildScriptCaches (0ms)
		SetupLoadedEditorAssemblies (393ms)
			LogAssemblyErrors (0ms)
			InitializePlatformSupportModulesInManaged (7ms)
			SetLoadedEditorAssemblies (5ms)
			BeforeProcessingInitializeOnLoad (93ms)
			ProcessInitializeOnLoadAttributes (214ms)
			ProcessInitializeOnLoadMethodAttributes (71ms)
			AfterProcessingInitializeOnLoad (2ms)
			EditorAssembliesLoaded (0ms)
		ExecutionOrderSort2 (0ms)
		AwakeInstancesAfterBackupRestoration (21ms)
Refreshing native plugins compatible for Editor in 4.77 ms, found 6 plugins.
Preloading 0 native plugins for Editor in 0.00 ms.
Unloading 0 Unused Serialized files (Serialized files now loaded: 0)
Unloading 3386 unused Assets / (1.0 MB). Loaded Objects now: 3889.
Memory consumption went from 105.4 MB to 104.4 MB.
Total: 4.611400 ms (FindLiveObjects: 0.234800 ms CreateObjectMapping: 0.129600 ms MarkObjects: 3.484700 ms  DeleteObjects: 0.761100 ms)

Prepare: number of updated asset objects reloaded= 0
========================================================================
Received Prepare
'Packages/com.unity.xr.openxr/Runtime/OpenXRLoader.cs' contains partial class of Unity.Object, exactly 1 of the partial classes needs to be in a file with the same filename. This is to know the one that can be referenced from ie. GameObjects
'Packages/com.unity.xr.openxr/Runtime/OpenXRLoaderInternal.cs' contains partial class of Unity.Object, exactly 1 of the partial classes needs to be in a file with the same filename. This is to know the one that can be referenced from ie. GameObjects
Refreshing native plugins compatible for Editor in 319.64 ms, found 6 plugins.
Preloading 0 native plugins for Editor in 0.00 ms.
Unloading 0 Unused Serialized files (Serialized files now loaded: 0)
Unloading 3224 unused Assets / (0.7 MB). Loaded Objects now: 3882.
Memory consumption went from 105.3 MB to 104.6 MB.
Total: 7.701400 ms (FindLiveObjects: 0.534400 ms CreateObjectMapping: 0.128600 ms MarkObjects: 6.179900 ms  DeleteObjects: 0.856500 ms)

Prepare: number of updated asset objects reloaded= 0
========================================================================
Received Prepare
Begin MonoManager ReloadAssembly
[Licensing::Client] Successfully resolved entitlement details
- Loaded All Assemblies, in  4.388 seconds
'Packages/com.unity.xr.openxr/Runtime/OpenXRLoader.cs' contains partial class of Unity.Object, exactly 1 of the partial classes needs to be in a file with the same filename. This is to know the one that can be referenced from ie. GameObjects
'Packages/com.unity.xr.openxr/Runtime/OpenXRLoaderInternal.cs' contains partial class of Unity.Object, exactly 1 of the partial classes needs to be in a file with the same filename. This is to know the one that can be referenced from ie. GameObjects
Refreshing native plugins compatible for Editor in 13.87 ms, found 6 plugins.
Native extension for Android target not found
Native extension for WindowsStandalone target not found
[Package Manager] Failed to launch server process. Reason: Unity was launched with the -noUpm command-line argument
[Package Manager] Unable to send message (not connected to server process).
[Package Manager] Cannot connect to Unity Package Manager local server
[MODES] ModeService[none].Initialize
[MODES] ModeService[none].LoadModes
================ BONE ORIENTATION DIAGNOSTIC ================
UnityEngine.Debug:ExtractStackTraceNoAlloc (byte*,int,string)
UnityEngine.StackTraceUtility:ExtractStackTrace ()
UnityEngine.DebugLogHandler:Internal_Log (UnityEngine.LogType,UnityEngine.LogOption,string,UnityEngine.Object)
UnityEngine.DebugLogHandler:LogFormat (UnityEngine.LogType,UnityEngine.Object,string,object[])
UnityEngine.Logger:Log (UnityEngine.LogType,object)
UnityEngine.Debug:Log (object)
SignLoop.Editor.BoneOrientationDebugger:InspectBones () (at Assets/Scripts/Editor/BoneOrientationDebugger.cs:20)
System.Reflection.RuntimeMethodInfo:Invoke (object,System.Reflection.BindingFlags,System.Reflection.Binder,object[],System.Globalization.CultureInfo)
System.Reflection.MethodBase:Invoke (object,object[])
UnityEditor.EditorAssemblies:ProcessInitializeOnLoadMethodAttributes ()

(Filename: Assets/Scripts/Editor/BoneOrientationDebugger.cs Line: 20)

LHand: localPos=(0.00, 0.26, 0.00), localRot=(0.12, 0.09, 1.22)
UnityEngine.Debug:ExtractStackTraceNoAlloc (byte*,int,string)
UnityEngine.StackTraceUtility:ExtractStackTrace ()
UnityEngine.DebugLogHandler:Internal_Log (UnityEngine.LogType,UnityEngine.LogOption,string,UnityEngine.Object)
UnityEngine.DebugLogHandler:LogFormat (UnityEngine.LogType,UnityEngine.Object,string,object[])
UnityEngine.Logger:Log (UnityEngine.LogType,object)
UnityEngine.Debug:Log (object)
SignLoop.Editor.BoneOrientationDebugger:InspectBones () (at Assets/Scripts/Editor/BoneOrientationDebugger.cs:44)
System.Reflection.RuntimeMethodInfo:Invoke (object,System.Reflection.BindingFlags,System.Reflection.Binder,object[],System.Globalization.CultureInfo)
System.Reflection.MethodBase:Invoke (object,object[])
UnityEditor.EditorAssemblies:ProcessInitializeOnLoadMethodAttributes ()

(Filename: Assets/Scripts/Editor/BoneOrientationDebugger.cs Line: 44)

RHand: localPos=(0.00, 0.26, 0.00), localRot=(0.12, 359.91, 358.78)
UnityEngine.Debug:ExtractStackTraceNoAlloc (byte*,int,string)
UnityEngine.StackTraceUtility:ExtractStackTrace ()
UnityEngine.DebugLogHandler:Internal_Log (UnityEngine.LogType,UnityEngine.LogOption,string,UnityEngine.Object)
UnityEngine.DebugLogHandler:LogFormat (UnityEngine.LogType,UnityEngine.Object,string,object[])
UnityEngine.Logger:Log (UnityEngine.LogType,object)
UnityEngine.Debug:Log (object)
SignLoop.Editor.BoneOrientationDebugger:InspectBones () (at Assets/Scripts/Editor/BoneOrientationDebugger.cs:45)
System.Reflection.RuntimeMethodInfo:Invoke (object,System.Reflection.BindingFlags,System.Reflection.Binder,object[],System.Globalization.CultureInfo)
System.Reflection.MethodBase:Invoke (object,object[])
UnityEditor.EditorAssemblies:ProcessInitializeOnLoadMethodAttributes ()

(Filename: Assets/Scripts/Editor/BoneOrientationDebugger.cs Line: 45)

LIndex1: localEuler=(0.16, 359.26, 353.16), boneExtentDir=(0.00, 1.00, 0.00)
UnityEngine.Debug:ExtractStackTraceNoAlloc (byte*,int,string)
UnityEngine.StackTraceUtility:ExtractStackTrace ()
UnityEngine.DebugLogHandler:Internal_Log (UnityEngine.LogType,UnityEngine.LogOption,string,UnityEngine.Object)
UnityEngine.DebugLogHandler:LogFormat (UnityEngine.LogType,UnityEngine.Object,string,object[])
UnityEngine.Logger:Log (UnityEngine.LogType,object)
UnityEngine.Debug:Log (object)
SignLoop.Editor.BoneOrientationDebugger:InspectBones () (at Assets/Scripts/Editor/BoneOrientationDebugger.cs:51)
System.Reflection.RuntimeMethodInfo:Invoke (object,System.Reflection.BindingFlags,System.Reflection.Binder,object[],System.Globalization.CultureInfo)
System.Reflection.MethodBase:Invoke (object,object[])
UnityEditor.EditorAssemblies:ProcessInitializeOnLoadMethodAttributes ()

(Filename: Assets/Scripts/Editor/BoneOrientationDebugger.cs Line: 51)

RIndex1: localEuler=(0.16, 0.74, 6.84), boneExtentDir=(0.00, 1.00, 0.00)
UnityEngine.Debug:ExtractStackTraceNoAlloc (byte*,int,string)
UnityEngine.StackTraceUtility:ExtractStackTrace ()
UnityEngine.DebugLogHandler:Internal_Log (UnityEngine.LogType,UnityEngine.LogOption,string,UnityEngine.Object)
UnityEngine.DebugLogHandler:LogFormat (UnityEngine.LogType,UnityEngine.Object,string,object[])
UnityEngine.Logger:Log (UnityEngine.LogType,object)
UnityEngine.Debug:Log (object)
SignLoop.Editor.BoneOrientationDebugger:InspectBones () (at Assets/Scripts/Editor/BoneOrientationDebugger.cs:58)
System.Reflection.RuntimeMethodInfo:Invoke (object,System.Reflection.BindingFlags,System.Reflection.Binder,object[],System.Globalization.CultureInfo)
System.Reflection.MethodBase:Invoke (object,object[])
UnityEditor.EditorAssemblies:ProcessInitializeOnLoadMethodAttributes ()

(Filename: Assets/Scripts/Editor/BoneOrientationDebugger.cs Line: 58)

LThumb1: localEuler=(20.80, 2.95, 313.60), boneExtentDir=(0.00, 1.00, 0.00)
UnityEngine.Debug:ExtractStackTraceNoAlloc (byte*,int,string)
UnityEngine.StackTraceUtility:ExtractStackTrace ()
UnityEngine.DebugLogHandler:Internal_Log (UnityEngine.LogType,UnityEngine.LogOption,string,UnityEngine.Object)
UnityEngine.DebugLogHandler:LogFormat (UnityEngine.LogType,UnityEngine.Object,string,object[])
UnityEngine.Logger:Log (UnityEngine.LogType,object)
UnityEngine.Debug:Log (object)
SignLoop.Editor.BoneOrientationDebugger:InspectBones () (at Assets/Scripts/Editor/BoneOrientationDebugger.cs:65)
System.Reflection.RuntimeMethodInfo:Invoke (object,System.Reflection.BindingFlags,System.Reflection.Binder,object[],System.Globalization.CultureInfo)
System.Reflection.MethodBase:Invoke (object,object[])
UnityEditor.EditorAssemblies:ProcessInitializeOnLoadMethodAttributes ()

(Filename: Assets/Scripts/Editor/BoneOrientationDebugger.cs Line: 65)

RThumb1: localEuler=(20.80, 357.05, 46.40), boneExtentDir=(0.00, 1.00, 0.00)
UnityEngine.Debug:ExtractStackTraceNoAlloc (byte*,int,string)
UnityEngine.StackTraceUtility:ExtractStackTrace ()
UnityEngine.DebugLogHandler:Internal_Log (UnityEngine.LogType,UnityEngine.LogOption,string,UnityEngine.Object)
UnityEngine.DebugLogHandler:LogFormat (UnityEngine.LogType,UnityEngine.Object,string,object[])
UnityEngine.Logger:Log (UnityEngine.LogType,object)
UnityEngine.Debug:Log (object)
SignLoop.Editor.BoneOrientationDebugger:InspectBones () (at Assets/Scripts/Editor/BoneOrientationDebugger.cs:72)
System.Reflection.RuntimeMethodInfo:Invoke (object,System.Reflection.BindingFlags,System.Reflection.Binder,object[],System.Globalization.CultureInfo)
System.Reflection.MethodBase:Invoke (object,object[])
UnityEditor.EditorAssemblies:ProcessInitializeOnLoadMethodAttributes ()

(Filename: Assets/Scripts/Editor/BoneOrientationDebugger.cs Line: 72)

=============================================================
UnityEngine.Debug:ExtractStackTraceNoAlloc (byte*,int,string)
UnityEngine.StackTraceUtility:ExtractStackTrace ()
UnityEngine.DebugLogHandler:Internal_Log (UnityEngine.LogType,UnityEngine.LogOption,string,UnityEngine.Object)
UnityEngine.DebugLogHandler:LogFormat (UnityEngine.LogType,UnityEngine.Object,string,object[])
UnityEngine.Logger:Log (UnityEngine.LogType,object)
UnityEngine.Debug:Log (object)
SignLoop.Editor.BoneOrientationDebugger:InspectBones () (at Assets/Scripts/Editor/BoneOrientationDebugger.cs:75)
System.Reflection.RuntimeMethodInfo:Invoke (object,System.Reflection.BindingFlags,System.Reflection.Binder,object[],System.Globalization.CultureInfo)
System.Reflection.MethodBase:Invoke (object,object[])
UnityEditor.EditorAssemblies:ProcessInitializeOnLoadMethodAttributes ()

(Filename: Assets/Scripts/Editor/BoneOrientationDebugger.cs Line: 75)

ScheduleIndexationOnStartup MainProcess:False IndexOnStartup:True
Error saving file Library/StateCache/LayerSettings/9e/9ecc5c3c162a7aba29bafa64c8b94b7c.json. Error: System.IO.IOException: Sharing violation on path D:\Github\SignLoop-RL-Framework-for-Two-Way-ISL-Communication\isl-vr-unity\Library\StateCache\LayerSettings\9e\9ecc5c3c162a7aba29bafa64c8b94b7c.json
  at System.IO.FileStream..ctor (System.String path, System.IO.FileMode mode, System.IO.FileAccess access, System.IO.FileShare share, System.Int32 bufferSize, System.Boolean anonymous, System.IO.FileOptions options) [0x0019e] in <41d29b352f6a475ab1bf7c6628b82790>:0 
  at System.IO.FileStream..ctor (System.String path, System.IO.FileMode mode, System.IO.FileAccess access, System.IO.FileShare share, System.Int32 bufferSize, System.IO.FileOptions options) [0x00000] in <41d29b352f6a475ab1bf7c6628b82790>:0 
  at (wrapper remoting-invoke-with-check) System.IO.FileStream..ctor(string,System.IO.FileMode,System.IO.FileAccess,System.IO.FileShare,int,System.IO.FileOptions)
  at System.IO.StreamWriter..ctor (System.String path, System.Boolean append, System.Text.Encoding encoding, System.Int32 bufferSize) [0x00055] in <41d29b352f6a475ab1bf7c6628b82790>:0 
  at System.IO.StreamWriter..ctor (System.String path, System.Boolean append, System.Text.Encoding encoding) [0x00000] in <41d29b352f6a475ab1bf7c6628b82790>:0 
  at (wrapper remoting-invoke-with-check) System.IO.StreamWriter..ctor(string,bool,System.Text.Encoding)
  at System.IO.File.WriteAllText (System.String path, System.String contents, System.Text.Encoding encoding) [0x00034] in <41d29b352f6a475ab1bf7c6628b82790>:0 
  at UnityEditor.StateCache`1[T].SaveJsonState (System.String filePath, T value) [0x00014] in <4a6210677a0042ea8ce1fd85759d4494>:0 
  at UnityEditor.StateCache`1[T].SetState (UnityEngine.Hash128 key, T obj) [0x00059] in <4a6210677a0042ea8ce1fd85759d4494>:0 
UnityEngine.Debug:ExtractStackTraceNoAlloc (byte*,int,string)
UnityEngine.StackTraceUtility:ExtractStackTrace ()
UnityEngine.DebugLogHandler:Internal_Log (UnityEngine.LogType,UnityEngine.LogOption,string,UnityEngine.Object)
UnityEngine.DebugLogHandler:LogFormat (UnityEngine.LogType,UnityEngine.Object,string,object[])
UnityEngine.Logger:Log (UnityEngine.LogType,object)
UnityEngine.Debug:LogError (object)
UnityEditor.StateCache`1<UnityEditor.Tools/LayerSettings>:SetState (UnityEngine.Hash128,UnityEditor.Tools/LayerSettings)
UnityEditor.Tools:set_lockedLayers (int)
UnityEditor.Tools:OnEnable ()

Mono: successfully reloaded assembly
[Package Manager] Failed to launch server process. Reason: Unity was launched with the -noUpm command-line argument
[Package Manager] Unable to send message (not connected to server process).
[Package Manager] Cannot connect to Unity Package Manager local server
- Finished resetting the current domain, in  0.975 seconds
Domain Reload Profiling: 5366ms
	BeginReloadAssembly (827ms)
		ExecutionOrderSort (0ms)
		DisableScriptedObjects (16ms)
		BackupInstance (0ms)
		ReleaseScriptingObjects (0ms)
		CreateAndSetChildDomain (51ms)
	RebuildCommonClasses (323ms)
	RebuildNativeTypeToScriptingClass (21ms)
	initialDomainReloadingComplete (35ms)
	LoadAllAssembliesAndSetupDomain (3184ms)
		LoadAssemblies (3482ms)
		RebuildTransferFunctionScriptingTraits (0ms)
		AnalyzeDomain (390ms)
			TypeCache.Refresh (17ms)
				TypeCache.ScanAssembly (1ms)
			BuildScriptInfoCaches (359ms)
			ResolveRequiredComponents (10ms)
	FinalizeReload (976ms)
		ReleaseScriptCaches (0ms)
		RebuildScriptCaches (0ms)
		SetupLoadedEditorAssemblies (721ms)
			LogAssemblyErrors (0ms)
			InitializePlatformSupportModulesInManaged (13ms)
			SetLoadedEditorAssemblies (7ms)
			BeforeProcessingInitializeOnLoad (190ms)
			ProcessInitializeOnLoadAttributes (373ms)
			ProcessInitializeOnLoadMethodAttributes (133ms)
			AfterProcessingInitializeOnLoad (4ms)
			EditorAssembliesLoaded (0ms)
		ExecutionOrderSort2 (0ms)
		AwakeInstancesAfterBackupRestoration (32ms)
Refreshing native plugins compatible for Editor in 7.97 ms, found 6 plugins.
Preloading 0 native plugins for Editor in 0.00 ms.
Unloading 0 Unused Serialized files (Serialized files now loaded: 0)
Unloading 3386 unused Assets / (0.8 MB). Loaded Objects now: 3890.
Memory consumption went from 105.9 MB to 105.1 MB.
Total: 8.064000 ms (FindLiveObjects: 0.565400 ms CreateObjectMapping: 0.258600 ms MarkObjects: 6.427000 ms  DeleteObjects: 0.810900 ms)

Prepare: number of updated asset objects reloaded= 0
========================================================================
Received Prepare
Couldn't register non-exiting asset root folder: 'Assets'
AssetDatabase failed to register asset folder Assets
'Packages/com.unity.xr.openxr/Runtime/OpenXRLoader.cs' contains partial class of Unity.Object, exactly 1 of the partial classes needs to be in a file with the same filename. This is to know the one that can be referenced from ie. GameObjects
'Packages/com.unity.xr.openxr/Runtime/OpenXRLoaderInternal.cs' contains partial class of Unity.Object, exactly 1 of the partial classes needs to be in a file with the same filename. This is to know the one that can be referenced from ie. GameObjects
Refreshing native plugins compatible for Editor in 19.58 ms, found 6 plugins.
Preloading 0 native plugins for Editor in 0.00 ms.
Unloading 0 Unused Serialized files (Serialized files now loaded: 0)
Unloading 2958 unused Assets / (0.7 MB). Loaded Objects now: 3617.
Memory consumption went from 104.9 MB to 104.2 MB.
Total: 8.108100 ms (FindLiveObjects: 0.246800 ms CreateObjectMapping: 0.118800 ms MarkObjects: 6.970900 ms  DeleteObjects: 0.769700 ms)

Prepare: number of updated asset objects reloaded= 39
========================================================================
Received Prepare
Assertion failed on expression: 'IsFileCreated(assemblyPath)'
Assertion failed on expression: 'IsFileCreated(assemblyPath)'
Assertion failed on expression: 'IsFileCreated(assemblyPath)'
Assertion failed on expression: 'IsFileCreated(assemblyPath)'
Assertion failed on expression: 'IsFileCreated(assemblyPath)'
Assertion failed on expression: 'IsFileCreated(assemblyPath)'
Assertion failed on expression: 'IsFileCreated(assemblyPath)'
Assertion failed on expression: 'IsFileCreated(assemblyPath)'
Assertion failed on expression: 'IsFileCreated(assemblyPath)'
Assertion failed on expression: 'IsFileCreated(assemblyPath)'
Assertion failed on expression: 'IsFileCreated(assemblyPath)'
Assertion failed on expression: 'IsFileCreated(assemblyPath)'
Assertion failed on expression: 'IsFileCreated(assemblyPath)'
Assertion failed on expression: 'IsFileCreated(assemblyPath)'
Assertion failed on expression: 'IsFileCreated(assemblyPath)'
Assertion failed on expression: 'IsFileCreated(assemblyPath)'
Assertion failed on expression: 'IsFileCreated(assemblyPath)'
Assertion failed on expression: 'IsFileCreated(assemblyPath)'
Assertion failed on expression: 'IsFileCreated(assemblyPath)'
Compilation Pipeline: Could not read file Packages/com.unity.test-framework/Tests/TestNewCustomAssembly/TestNewCustomAssembly.asmdef
Fatal Error! Compilation Pipeline: Could not read file Packages/com.unity.test-framework/Tests/TestNewCustomAssembly/TestNewCustomAssembly.asmdef
Crash!!!
SymInit: Symbol-SearchPath: 'D:/Unity/installs/6000.3.22f1/Editor/Data/Mono;.;D:\Github\SignLoop-RL-Framework-for-Two-Way-ISL-Communication\isl-vr-unity;D:\Github\SignLoop-RL-Framework-for-Two-Way-ISL-Communication\isl-vr-unity\Library\BurstCache\JIT;D:\Unity\installs\6000.3.22f1\Editor;C:\WINDOWS;C:\WINDOWS\system32;', symOptions: 534, UserName: 'hp'
OS-Version: 10.0.0
D:\Unity\installs\6000.3.22f1\Editor\Unity.exe:Unity.exe (00007FF7F8C60000), size: 290816 (result: 0), SymType: '-deferred-', PDB: '', fileVersion: 6000.3.22.29294
C:\WINDOWS\SYSTEM32\ntdll.dll:ntdll.dll (00007FFD889E0000), size: 2519040 (result: 0), SymType: '-deferred-', PDB: '', fileVersion: 10.0.26100.9444
C:\WINDOWS\System32\KERNEL32.DLL:KERNEL32.DLL (00007FFD88080000), size: 831488 (result: 0), SymType: '-deferred-', PDB: '', fileVersion: 10.0.26100.9444
C:\WINDOWS\System32\KERNELBASE.dll:KERNELBASE.dll (00007FFD85F90000), size: 4202496 (result: 0), SymType: '-deferred-', PDB: '', fileVersion: 10.0.26100.9444
C:\WINDOWS\System32\USER32.dll:USER32.dll (00007FFD872D0000), size: 1896448 (result: 0), SymType: '-deferred-', PDB: '', fileVersion: 10.0.26100.9444
C:\WINDOWS\System32\win32u.dll:win32u.dll (00007FFD866D0000), size: 159744 (result: 0), SymType: '-deferred-', PDB: '', fileVersion: 10.0.26100.9444
C:\WINDOWS\System32\GDI32.dll:GDI32.dll (00007FFD879C0000), size: 176128 (result: 0), SymType: '-deferred-', PDB: '', fileVersion: 10.0.26100.8328
C:\WINDOWS\System32\gdi32full.dll:gdi32full.dll (00007FFD86510000), size: 1216512 (result: 0), SymType: '-deferred-', PDB: '', fileVersion: 10.0.26100.9444
C:\WINDOWS\System32\msvcp_win.dll:msvcp_win.dll (00007FFD863A0000), size: 667648 (result: 0), SymType: '-deferred-', PDB: '', fileVersion: 10.0.26100.9444
C:\WINDOWS\System32\ucrtbase.dll:ucrtbase.dll (00007FFD85D70000), size: 1359872 (result: 0), SymType: '-deferred-', PDB: '', fileVersion: 10.0.26100.9444
C:\WINDOWS\System32\IMM32.DLL:IMM32.DLL (00007FFD884D0000), size: 200704 (result: 0), SymType: '-deferred-', PDB: '', fileVersion: 10.0.26100.9278
C:\Program Files\Windhawk\Engine\1.7.3\64\windhawk.dll:windhawk.dll (00007FFD5DE20000), size: 991232 (result: 0), SymType: '-deferred-', PDB: '', fileVersion: 1.7.3.0
C:\WINDOWS\System32\ADVAPI32.dll:ADVAPI32.dll (00007FFD88770000), size: 770048 (result: 0), SymType: '-deferred-', PDB: '', fileVersion: 10.0.26100.9278
C:\WINDOWS\System32\msvcrt.dll:msvcrt.dll (00007FFD88630000), size: 692224 (result: 0), SymType: '-deferred-', PDB: '', fileVersion: 7.0.26100.9444
C:\WINDOWS\System32\sechost.dll:sechost.dll (00007FFD867A0000), size: 692224 (result: 0), SymType: '-deferred-', PDB: '', fileVersion: 10.0.26100.9444
C:\WINDOWS\System32\RPCRT4.dll:RPCRT4.dll (00007FFD88510000), size: 1146880 (result: 0), SymType: '-deferred-', PDB: '', fileVersion: 10.0.26100.9444
D:\Unity\installs\6000.3.22f1\Editor\Unity.dll:Unity.dll (00007FFCD8120000), size: 92344320 (result: 0), SymType: '-deferred-', PDB: '', fileVersion: 6000.3.22.29294
C:\WINDOWS\System32\CRYPT32.dll:CRYPT32.dll (00007FFD85BE0000), size: 1564672 (result: 0), SymType: '-deferred-', PDB: '', fileVersion: 10.0.26100.9278
C:\WINDOWS\System32\ole32.dll:ole32.dll (00007FFD88250000), size: 1679360 (result: 0), SymType: '-deferred-', PDB: '', fileVersion: 10.0.26100.9444
D:\Unity\installs\6000.3.22f1\Editor\libfbxsdk.dll:libfbxsdk.dll (00007FFCE1A40000), size: 8019968 (result: 0), SymType: '-deferred-', PDB: '', fileVersion: 2020.3.7.0
C:\WINDOWS\System32\combase.dll:combase.dll (00007FFD874D0000), size: 3690496 (result: 0), SymType: '-deferred-', PDB: '', fileVersion: 10.0.26100.9444
D:\Unity\installs\6000.3.22f1\Editor\etccompress.dll:etccompress.dll (00007FFCE0CC0000), size: 5070848 (result: 0), SymType: '-deferred-', PDB: ''
D:\Unity\installs\6000.3.22f1\Editor\s3tcompress.dll:s3tcompress.dll (00007FFD12220000), size: 180224 (result: 0), SymType: '-deferred-', PDB: ''
C:\WINDOWS\System32\SETUPAPI.dll:SETUPAPI.dll (00007FFD87A90000), size: 4747264 (result: 0), SymType: '-deferred-', PDB: '', fileVersion: 10.0.26100.9444
C:\WINDOWS\System32\SHELL32.dll:SHELL32.dll (00007FFD86850000), size: 7962624 (result: 0), SymType: '-deferred-', PDB: '', fileVersion: 10.0.26100.9278
D:\Unity\installs\6000.3.22f1\Editor\ispc_texcomp.dll:ispc_texcomp.dll (00007FFD03650000), size: 1826816 (result: 0), SymType: '-deferred-', PDB: ''
C:\WINDOWS\System32\SHLWAPI.dll:SHLWAPI.dll (00007FFD86730000), size: 417792 (result: 0), SymType: '-deferred-', PDB: '', fileVersion: 10.0.26100.9444
D:\Unity\installs\6000.3.22f1\Editor\compress_bc7e.dll:compress_bc7e.dll (00007FFCE0B60000), size: 1433600 (result: 0), SymType: '-deferred-', PDB: ''
C:\WINDOWS\System32\WS2_32.dll:WS2_32.dll (00007FFD886E0000), size: 524288 (result: 0), SymType: '-deferred-', PDB: '', fileVersion: 10.0.26100.9444
D:\Unity\installs\6000.3.22f1\Editor\WinPixEventRuntime.dll:WinPixEventRuntime.dll (00007FFD49460000), size: 57344 (result: 0), SymType: '-deferred-', PDB: '', fileVersion: 1.0.2403.8001
C:\WINDOWS\System32\OLEAUT32.dll:OLEAUT32.dll (00007FFD87FA0000), size: 888832 (result: 0), SymType: '-deferred-', PDB: '', fileVersion: 10.0.26100.9278
D:\Unity\installs\6000.3.22f1\Editor\FreeImage.dll:FreeImage.dll (0000000180000000), size: 5332992 (result: 0), SymType: '-deferred-', PDB: '', fileVersion: 3.18.0.0
C:\WINDOWS\System32\WINTRUST.dll:WINTRUST.dll (00007FFD86640000), size: 532480 (result: 0), SymType: '-deferred-', PDB: '', fileVersion: 10.0.26100.9444
D:\Unity\installs\6000.3.22f1\Editor\umbraoptimizer64.dll:umbraoptimizer64.dll (00007FFCE6730000), size: 1187840 (result: 0), SymType: '-deferred-', PDB: ''
C:\WINDOWS\SYSTEM32\bcrypt.dll:bcrypt.dll (00007FFD85AD0000), size: 172032 (result: 0), SymType: '-deferred-', PDB: '', fileVersion: 10.0.26100.9444
C:\WINDOWS\WinSxS\amd64_microsoft.windows.common-controls_6595b64144ccf1df_6.0.26100.9278_none_3e0d1ba8e3303201\COMCTL32.dll:COMCTL32.dll (00007FFD71520000), size: 2686976 (result: 0), SymType: '-deferred-', PDB: '', fileVersion: 6.10.26100.9278
C:\WINDOWS\SYSTEM32\d3d11.dll:d3d11.dll (00007FFD7EEB0000), size: 2490368 (result: 0), SymType: '-deferred-', PDB: '', fileVersion: 10.0.26100.9278
C:\WINDOWS\SYSTEM32\d3d12.dll:d3d12.dll (00007FFD72BC0000), size: 143360 (result: 0), SymType: '-deferred-', PDB: '', fileVersion: 10.0.26100.9278
C:\WINDOWS\SYSTEM32\IPHLPAPI.DLL:IPHLPAPI.DLL (00007FFD84260000), size: 208896 (result: 0), SymType: '-deferred-', PDB: '', fileVersion: 10.0.26100.9278
C:\WINDOWS\SYSTEM32\dxgi.dll:dxgi.dll (00007FFD80020000), size: 1290240 (result: 0), SymType: '-deferred-', PDB: '', fileVersion: 10.0.26100.9444
C:\WINDOWS\SYSTEM32\HID.DLL:HID.DLL (00007FFD83F00000), size: 61440 (result: 0), SymType: '-deferred-', PDB: '', fileVersion: 10.0.26100.1150
C:\WINDOWS\SYSTEM32\dwmapi.dll:dwmapi.dll (00007FFD80380000), size: 192512 (result: 0), SymType: '-deferred-', PDB: '', fileVersion: 10.0.26100.9278
C:\WINDOWS\SYSTEM32\VCRUNTIME140.dll:VCRUNTIME140.dll (00007FFD6D070000), size: 180224 (result: 0), SymType: '-deferred-', PDB: '', fileVersion: 14.51.36247.0
C:\WINDOWS\SYSTEM32\MSVCP140.dll:MSVCP140.dll (00007FFD6D0A0000), size: 643072 (result: 0), SymType: '-deferred-', PDB: '', fileVersion: 14.51.36247.0
C:\WINDOWS\SYSTEM32\VCRUNTIME140_1.dll:VCRUNTIME140_1.dll (00007FFD6D060000), size: 49152 (result: 0), SymType: '-deferred-', PDB: '', fileVersion: 14.51.36247.0
C:\WINDOWS\SYSTEM32\OPENGL32.dll:OPENGL32.dll (00007FFCE8840000), size: 1097728 (result: 0), SymType: '-deferred-', PDB: '', fileVersion: 10.0.26100.9278
C:\WINDOWS\SYSTEM32\WINHTTP.dll:WINHTTP.dll (00007FFD7C180000), size: 1220608 (result: 0), SymType: '-deferred-', PDB: '', fileVersion: 10.0.26100.9278
C:\WINDOWS\SYSTEM32\WINMM.dll:WINMM.dll (00007FFD76270000), size: 221184 (result: 0), SymType: '-deferred-', PDB: '', fileVersion: 10.0.26100.9278
C:\WINDOWS\SYSTEM32\GLU32.dll:GLU32.dll (00007FFD121E0000), size: 184320 (result: 0), SymType: '-deferred-', PDB: '', fileVersion: 10.0.26100.1150
D:\Unity\installs\6000.3.22f1\Editor\SketchUpAPI.dll:SketchUpAPI.dll (00007FFCE11A0000), size: 8990720 (result: 0), SymType: '-deferred-', PDB: '', fileVersion: 23.0.0.0
D:\Unity\installs\6000.3.22f1\Editor\NativeProxyHelper.dll:NativeProxyHelper.dll (00007FFCE09A0000), size: 1789952 (result: 0), SymType: '-deferred-', PDB: ''
C:\WINDOWS\SYSTEM32\VERSION.dll:VERSION.dll (00007FFD7AB20000), size: 45056 (result: 0), SymType: '-deferred-', PDB: '', fileVersion: 10.0.26100.1150
C:\WINDOWS\SYSTEM32\Secur32.dll:Secur32.dll (00007FFD7FD30000), size: 53248 (result: 0), SymType: '-deferred-', PDB: '', fileVersion: 10.0.26100.7705
C:\WINDOWS\SYSTEM32\WSOCK32.dll:WSOCK32.dll (00007FFD7B0C0000), size: 40960 (result: 0), SymType: '-deferred-', PDB: '', fileVersion: 10.0.26100.1
C:\WINDOWS\SYSTEM32\powrprof.dll:powrprof.dll (00007FFD84CB0000), size: 385024 (result: 0), SymType: '-deferred-', PDB: '', fileVersion: 10.0.26100.3912
D:\Unity\installs\6000.3.22f1\Editor\SketchUpCommonPreferences.dll:SketchUpCommonPreferences.dll (00007FFD12160000), size: 499712 (result: 0), SymType: '-deferred-', PDB: '', fileVersion: 23.0.0.0
C:\WINDOWS\SYSTEM32\dxcore.dll:dxcore.dll (00007FFD7FFD0000), size: 278528 (result: 0), SymType: '-deferred-', PDB: '', fileVersion: 10.0.26100.9278
C:\WINDOWS\SYSTEM32\SSPICLI.DLL:SSPICLI.DLL (00007FFD84C00000), size: 299008 (result: 0), SymType: '-deferred-', PDB: '', fileVersion: 10.0.26100.9278
D:\Unity\installs\6000.3.22f1\Editor\OpenRL.dll:OpenRL.dll (000001E801AC0000), size: 12779520 (result: 0), SymType: '-deferred-', PDB: '', fileVersion: 1.5.0.2907
C:\WINDOWS\SYSTEM32\MSVCR100.dll:MSVCR100.dll (000000005BB20000), size: 860160 (result: 0), SymType: '-deferred-', PDB: '', fileVersion: 10.0.40219.325
C:\WINDOWS\SYSTEM32\MSVCP100.dll:MSVCP100.dll (000000005BC00000), size: 622592 (result: 0), SymType: '-deferred-', PDB: '', fileVersion: 10.0.40219.325
D:\Unity\installs\6000.3.22f1\Editor\embree.dll:embree.dll (00007FFCD7130000), size: 16711680 (result: 0), SymType: '-deferred-', PDB: '', fileVersion: 2.14.0.0
C:\WINDOWS\SYSTEM32\cfgmgr32.DLL:cfgmgr32.DLL (00007FFD85860000), size: 335872 (result: 0), SymType: '-deferred-', PDB: '', fileVersion: 10.0.26100.9278
C:\WINDOWS\SYSTEM32\MSWSOCK.DLL:MSWSOCK.DLL (00007FFD84F90000), size: 442368 (result: 0), SymType: '-deferred-', PDB: '', fileVersion: 10.0.26100.9278
D:\Unity\installs\6000.3.22f1\Editor\tbb.dll:tbb.dll (00007FFD12080000), size: 303104 (result: 0), SymType: '-deferred-', PDB: '', fileVersion: 2020.3.2022.1111
D:\Unity\installs\6000.3.22f1\Editor\OpenRL_pthread.dll:OpenRL_pthread.dll (000001E8002E0000), size: 61440 (result: 0), SymType: '-deferred-', PDB: '', fileVersion: 2.9.0.0
C:\WINDOWS\SYSTEM32\UMPDC.dll:UMPDC.dll (00007FFD84C50000), size: 86016 (result: 0), SymType: '-deferred-', PDB: '', fileVersion: 10.0.26100.8972
C:\WINDOWS\SYSTEM32\MSASN1.dll:MSASN1.dll (00007FFD85300000), size: 77824 (result: 0), SymType: '-deferred-', PDB: '', fileVersion: 10.0.26100.9444
C:\WINDOWS\System32\bcryptprimitives.dll:bcryptprimitives.dll (00007FFD86450000), size: 704512 (result: 0), SymType: '-deferred-', PDB: '', fileVersion: 10.0.26100.9444
C:\WINDOWS\SYSTEM32\kernel.appcore.dll:kernel.appcore.dll (00007FFD84920000), size: 110592 (result: 0), SymType: '-deferred-', PDB: '', fileVersion: 10.0.26100.9278
C:\WINDOWS\system32\uxtheme.dll:uxtheme.dll (00007FFD7FED0000), size: 688128 (result: 0), SymType: '-deferred-', PDB: '', fileVersion: 10.0.26100.9444
C:\WINDOWS\SYSTEM32\windows.storage.dll:windows.storage.dll (00007FFD83640000), size: 9101312 (result: 0), SymType: '-deferred-', PDB: '', fileVersion: 10.0.26100.9444
C:\WINDOWS\System32\SHCORE.dll:SHCORE.dll (00007FFD878C0000), size: 1028096 (result: 0), SymType: '-deferred-', PDB: '', fileVersion: 10.0.26100.9444
C:\WINDOWS\SYSTEM32\profapi.dll:profapi.dll (00007FFD85B00000), size: 167936 (result: 0), SymType: '-deferred-', PDB: '', fileVersion: 10.0.26100.9444
C:\WINDOWS\System32\clbcatq.dll:clbcatq.dll (00007FFD883F0000), size: 712704 (result: 0), SymType: '-deferred-', PDB: '', fileVersion: 2001.12.10941.16384
C:\WINDOWS\SYSTEM32\CRYPTSP.dll:CRYPTSP.dll (00007FFD85280000), size: 110592 (result: 0), SymType: '-deferred-', PDB: '', fileVersion: 10.0.26100.9444
C:\WINDOWS\system32\IconCodecService.dll:IconCodecService.dll (00007FFD52C00000), size: 45056 (result: 0), SymType: '-deferred-', PDB: '', fileVersion: 10.0.26100.1
C:\WINDOWS\system32\wbem\wbemprox.dll:wbemprox.dll (00007FFD5D460000), size: 73728 (result: 0), SymType: '-deferred-', PDB: '', fileVersion: 10.0.26100.9278
C:\WINDOWS\SYSTEM32\wbemcomn.dll:wbemcomn.dll (00007FFD61630000), size: 499712 (result: 0), SymType: '-deferred-', PDB: '', fileVersion: 10.0.26100.7920
C:\WINDOWS\system32\rsaenh.dll:rsaenh.dll (00007FFD84880000), size: 233472 (result: 0), SymType: '-deferred-', PDB: '', fileVersion: 10.0.26100.7705
C:\WINDOWS\SYSTEM32\WindowsCodecs.dll:WindowsCodecs.dll (00007FFD7E3C0000), size: 2326528 (result: 0), SymType: '-deferred-', PDB: '', fileVersion: 10.0.26100.9457
C:\WINDOWS\SYSTEM32\CRYPTBASE.dll:CRYPTBASE.dll (00007FFD852A0000), size: 49152 (result: 0), SymType: '-deferred-', PDB: '', fileVersion: 10.0.26100.9444
C:\WINDOWS\System32\imagehlp.dll:imagehlp.dll (00007FFD86700000), size: 131072 (result: 0), SymType: '-deferred-', PDB: '', fileVersion: 10.0.26100.4202
C:\WINDOWS\System32\netprofm.dll:netprofm.dll (00007FFD7D650000), size: 450560 (result: 0), SymType: '-deferred-', PDB: '', fileVersion: 10.0.26100.9278
C:\WINDOWS\system32\wbem\wbemsvc.dll:wbemsvc.dll (00007FFD57CA0000), size: 86016 (result: 0), SymType: '-deferred-', PDB: '', fileVersion: 10.0.26100.9278
C:\WINDOWS\System32\npmproxy.dll:npmproxy.dll (00007FFD7B360000), size: 102400 (result: 0), SymType: '-deferred-', PDB: '', fileVersion: 10.0.26100.9278
C:\WINDOWS\system32\wbem\fastprox.dll:fastprox.dll (00007FFD55FC0000), size: 1003520 (result: 0), SymType: '-deferred-', PDB: '', fileVersion: 10.0.26100.9444
C:\WINDOWS\SYSTEM32\amsi.dll:amsi.dll (00007FFD59F20000), size: 118784 (result: 0), SymType: '-deferred-', PDB: '', fileVersion: 10.0.26100.7309
C:\WINDOWS\SYSTEM32\USERENV.dll:USERENV.dll (00007FFD85040000), size: 212992 (result: 0), SymType: '-deferred-', PDB: '', fileVersion: 10.0.26100.9278
C:\ProgramData\Microsoft\Windows Defender\Platform\4.18.26080.4-0\MpOav.dll:MpOav.dll (00007FFD548C0000), size: 671744 (result: 0), SymType: '-deferred-', PDB: '', fileVersion: 4.18.26080.4
C:\WINDOWS\SYSTEM32\gpapi.dll:gpapi.dll (00007FFD85010000), size: 151552 (result: 0), SymType: '-deferred-', PDB: '', fileVersion: 10.0.26100.9444
C:\Windows\System32\cryptnet.dll:cryptnet.dll (00007FFD7A170000), size: 241664 (result: 0), SymType: '-deferred-', PDB: '', fileVersion: 10.0.26100.9278
C:\WINDOWS\SYSTEM32\WINNSI.DLL:WINNSI.DLL (00007FFD7FE80000), size: 57344 (result: 0), SymType: '-deferred-', PDB: '', fileVersion: 10.0.26100.9444
C:\WINDOWS\System32\NSI.dll:NSI.dll (00007FFD879F0000), size: 40960 (result: 0), SymType: '-deferred-', PDB: '', fileVersion: 10.0.26100.9444
C:\WINDOWS\SYSTEM32\dhcpcsvc6.DLL:dhcpcsvc6.DLL (00007FFD7D7A0000), size: 118784 (result: 0), SymType: '-deferred-', PDB: '', fileVersion: 10.0.26100.9444
C:\WINDOWS\SYSTEM32\dhcpcsvc.DLL:dhcpcsvc.DLL (00007FFD7D750000), size: 151552 (result: 0), SymType: '-deferred-', PDB: '', fileVersion: 10.0.26100.9444
C:\WINDOWS\SYSTEM32\DNSAPI.dll:DNSAPI.dll (00007FFD842A0000), size: 1409024 (result: 0), SymType: '-deferred-', PDB: '', fileVersion: 10.0.26100.9444
C:\WINDOWS\SYSTEM32\DSPARSE.dll:DSPARSE.dll (00007FFD84D70000), size: 53248 (result: 0), SymType: '-deferred-', PDB: '', fileVersion: 10.0.26100.1
C:\WINDOWS\system32\napinsp.dll:napinsp.dll (00007FFD54140000), size: 98304 (result: 0), SymType: '-deferred-', PDB: '', fileVersion: 10.0.26100.1150
C:\WINDOWS\System32\winrnr.dll:winrnr.dll (00007FFD54120000), size: 77824 (result: 0), SymType: '-deferred-', PDB: '', fileVersion: 10.0.26100.9278
C:\WINDOWS\system32\nlansp_c.dll:nlansp_c.dll (00007FFD540F0000), size: 159744 (result: 0), SymType: '-deferred-', PDB: '', fileVersion: 10.0.26100.9278
C:\WINDOWS\system32\wshbth.dll:wshbth.dll (00007FFD540D0000), size: 90112 (result: 0), SymType: '-deferred-', PDB: '', fileVersion: 10.0.26100.8875
C:\WINDOWS\System32\fwpuclnt.dll:fwpuclnt.dll (00007FFD7D860000), size: 548864 (result: 0), SymType: '-deferred-', PDB: '', fileVersion: 10.0.26100.9444
C:\Windows\System32\rasadhlp.dll:rasadhlp.dll (00007FFD7BE10000), size: 45056 (result: 0), SymType: '-deferred-', PDB: '', fileVersion: 10.0.26100.7920
D:\Unity\installs\6000.3.22f1\Editor\AMDUnityPlugin.DLL:AMDUnityPlugin.DLL (00007FFCD68C0000), size: 8843264 (result: 0), SymType: '-deferred-', PDB: ''
D:\Unity\installs\6000.3.22f1\Editor\NVUnityPlugin.DLL:NVUnityPlugin.DLL (00007FFCD6720000), size: 1646592 (result: 0), SymType: '-deferred-', PDB: ''
D:\Unity\installs\6000.3.22f1\Editor\Data\Tools\astcenc-avx2.dll:astcenc-avx2.dll (00007FFD12020000), size: 352256 (result: 0), SymType: '-deferred-', PDB: ''
C:\WINDOWS\System32\MMDevApi.dll:MMDevApi.dll (00007FFD79920000), size: 675840 (result: 0), SymType: '-deferred-', PDB: '', fileVersion: 10.0.26100.9444
C:\WINDOWS\System32\DEVOBJ.dll:DEVOBJ.dll (00007FFD85820000), size: 192512 (result: 0), SymType: '-deferred-', PDB: '', fileVersion: 10.0.26100.9278
C:\WINDOWS\SYSTEM32\directxdatabasehelper.dll:directxdatabasehelper.dll (00007FFD7CF00000), size: 385024 (result: 0), SymType: '-deferred-', PDB: '', fileVersion: 10.0.26100.9444
D:\Unity\installs\6000.3.22f1\Editor\D3D12\D3D12Core.dll:D3D12Core.dll (00007FFCD59D0000), size: 4780032 (result: 0), SymType: '-deferred-', PDB: '', fileVersion: 1.618.1.0
C:\WINDOWS\System32\DriverStore\FileRepository\nvhmsi.inf_amd64_cfe0efeedfac5a3a\nvldumdx.dll:nvldumdx.dll (00007FFD0A590000), size: 843776 (result: 0), SymType: '-deferred-', PDB: '', fileVersion: 32.0.16.1656
C:\WINDOWS\SYSTEM32\wldp.dll:wldp.dll (00007FFD85380000), size: 434176 (result: 0), SymType: '-deferred-', PDB: '', fileVersion: 10.0.26100.9444
C:\WINDOWS\SYSTEM32\drvstore.dll:drvstore.dll (00007FFD79E10000), size: 1548288 (result: 0), SymType: '-deferred-', PDB: '', fileVersion: 10.0.26100.9444
C:\WINDOWS\System32\DriverStore\FileRepository\nvhmsi.inf_amd64_cfe0efeedfac5a3a\nvgpucomp64.dll:nvgpucomp64.dll (00007FFC83080000), size: 110784512 (result: 0), SymType: '-deferred-', PDB: '', fileVersion: 32.0.16.1656
C:\WINDOWS\System32\DriverStore\FileRepository\nvhmsi.inf_amd64_cfe0efeedfac5a3a\Display.NvContainer\NvMessageBus.dll:NvMessageBus.dll (00007FFD70CE0000), size: 3555328 (result: 0), SymType: '-deferred-', PDB: '', fileVersion: 3.22.3719.8856
C:\WINDOWS\System32\DriverStore\FileRepository\nvhmsi.inf_amd64_cfe0efeedfac5a3a\NvMemMapStoragex.dll:NvMemMapStoragex.dll (00007FFCFDD10000), size: 1421312 (result: 0), SymType: '-deferred-', PDB: ''
C:\WINDOWS\System32\DriverStore\FileRepository\nvhmsi.inf_amd64_cfe0efeedfac5a3a\nvwgf2umx.dll:nvwgf2umx.dll (00007FFC7DA70000), size: 90202112 (result: 0), SymType: '-deferred-', PDB: '', fileVersion: 32.0.16.1656
C:\WINDOWS\system32\nvspcap64.dll:nvspcap64.dll (00007FFCD5860000), size: 1495040 (result: 0), SymType: '-deferred-', PDB: '', fileVersion: 11.0.9.251
C:\WINDOWS\SYSTEM32\ntmarta.dll:ntmarta.dll (00007FFD84A70000), size: 221184 (result: 0), SymType: '-deferred-', PDB: '', fileVersion: 10.0.26100.7019
C:\WINDOWS\System32\DriverStore\FileRepository\nvhmsi.inf_amd64_cfe0efeedfac5a3a\nvppex.dll:nvppex.dll (00007FFCA4BB0000), size: 7499776 (result: 0), SymType: '-deferred-', PDB: '', fileVersion: 32.0.16.1656
C:\WINDOWS\SYSTEM32\D3DSCache.dll:D3DSCache.dll (00007FFCFD5F0000), size: 913408 (result: 0), SymType: '-deferred-', PDB: '', fileVersion: 10.0.26100.9278
D:\Unity\installs\6000.3.22f1\Editor\DirectML.dll:DirectML.dll (00007FFCD4AF0000), size: 14061568 (result: 0), SymType: '-deferred-', PDB: '', fileVersion: 1.13.1.0
C:\WINDOWS\SYSTEM32\d3d11on12.dll:d3d11on12.dll (00007FFCD4A40000), size: 692224 (result: 0), SymType: '-deferred-', PDB: '', fileVersion: 10.0.26100.9278
C:\WINDOWS\SYSTEM32\opencl.dll:opencl.dll (00007FFCE9BC0000), size: 540672 (result: 0), SymType: '-deferred-', PDB: '', fileVersion: 3.0.6.0
D:\Unity\installs\6000.3.22f1\Editor\radeonrays.dll:radeonrays.dll (00007FFCFC520000), size: 344064 (result: 0), SymType: '-deferred-', PDB: ''
D:\Unity\installs\6000.3.22f1\Editor\Data\MonoBleedingEdge\EmbedRuntime\mono-2.0-bdwgc.dll:mono-2.0-bdwgc.dll (00007FFCD3FF0000), size: 10756096 (result: 0), SymType: '-deferred-', PDB: ''
C:\WINDOWS\SYSTEM32\dbghelp.dll:dbghelp.dll (00007FFD832E0000), size: 2408448 (result: 0), SymType: '-deferred-', PDB: '', fileVersion: 10.0.26100.9444

========== OUTPUTTING STACK TRACE ==================

0x00007FFD860541CA (KERNELBASE) RaiseException
0x00007FFCD98CBCF9 (Unity) EditorMonoConsole::LogToConsoleImplementation
0x00007FFCD98CC9E0 (Unity) EditorMonoConsole::LogToConsoleImplementation
0x00007FFCD888757D (Unity) DebugStringToFilePostprocessedStacktrace
0x00007FFCD88868F9 (Unity) DebugStringToFile
0x00007FFCD9D65D35 (Unity) RegisterAssemblyDefinition
0x00007FFCDB134455 (Unity) ProcessAssemblyAssets
0x00007FFCDB1351B6 (Unity) UpdateScriptCompilationPipelineCaches
0x00007FFCDB0119E4 (Unity) InitializeScriptPipelineCaches
0x00007FFCDB0C76DF (Unity) <lambda_0745f92cc8934e289353db31c1f97969>::operator()
0x00007FFCDB108AFF (Unity) asio::detail::completion_handler<core::mutable_function<void __cdecl(void)>,asio::io_context::basic_executor_type<std::allocator<void>,0> >::do_complete
0x00007FFCDB0F63F1 (Unity) asio::detail::win_iocp_io_context::do_one
0x00007FFCDB0F7614 (Unity) asio::detail::win_iocp_io_context::run
0x00007FFCDB107169 (Unity) IOService::Run
0x00007FFCDB0D9C1F (Unity) AssetImportWorkerClient::Run
0x00007FFCDB09D40D (Unity) RunAssetImportWorkerClientV2
0x00007FFCDB09D4BB (Unity) RunAssetImporterV2
0x00007FFCD9940B9F (Unity) Application::InitializeProject
0x00007FFCD97346E3 (Unity) UnityMain
0x00007FF7F8C62F2A (Unity) __scrt_common_main_seh
0x00007FFD880ACD87 (KERNEL32) BaseThreadInitThunk
0x00007FFD88A8CAEC (ntdll) RtlUserThreadStart

========== END OF STACKTRACE ===========

A crash has been intercepted by the crash handler. For call stack and other details, see the latest crash report generated in:
 * C:/Users/hp/AppData/Local/Temp/Unity/Editor/Crashes
